-- phpMyAdmin SQL Dump
-- version 4.6.6deb5
-- https://www.phpmyadmin.net/
--
-- Host: localhost:3306
-- Generation Time: Jul 31, 2019 at 02:59 PM
-- Server version: 5.7.27-0ubuntu0.18.04.1
-- PHP Version: 7.2.19-0ubuntu0.18.04.1

SET SQL_MODE = "NO_AUTO_VALUE_ON_ZERO";
SET time_zone = "+00:00";


/*!40101 SET @OLD_CHARACTER_SET_CLIENT=@@CHARACTER_SET_CLIENT */;
/*!40101 SET @OLD_CHARACTER_SET_RESULTS=@@CHARACTER_SET_RESULTS */;
/*!40101 SET @OLD_COLLATION_CONNECTION=@@COLLATION_CONNECTION */;
/*!40101 SET NAMES utf8mb4 */;

--
-- Database: `augury`
--

-- --------------------------------------------------------

--
-- Table structure for table `groups`
--

CREATE TABLE `groups` (
  `GPMID` int(11) NOT NULL,
  `p1` int(11) DEFAULT NULL,
  `p2` int(11) DEFAULT NULL,
  `p3` int(11) DEFAULT NULL,
  `p4` int(11) DEFAULT NULL,
  `p5` int(11) DEFAULT NULL,
  `team_id` varchar(30) DEFAULT NULL
) ENGINE=InnoDB DEFAULT CHARSET=latin1;

--
-- Dumping data for table `groups`
--

INSERT INTO `groups` (`GPMID`, `p1`, `p2`, `p3`, `p4`, `p5`, `team_id`) VALUES
(94, 497, 498, 499, 500, 501, '8668/order'),
(95, 502, 503, 504, 505, 506, '6010/chiefs'),
(129, 681, 682, 683, 684, 685, '8504/sj'),
(130, 686, 687, 688, 689, 690, '7461/copenhagen-flames'),
(145, 761, 762, 763, 764, 765, '8902/detona'),
(146, 766, 767, 768, 769, 770, '7653/isurus'),
(149, 781, 782, 783, 784, 785, '7176/red-canids'),
(150, 786, 787, 788, 789, 790, '9013/bulldozer'),
(187, 971, 972, 973, 974, 975, '10119/eox'),
(188, 976, 977, 978, 979, 980, '9213/santos'),
(241, 1241, 1242, 1243, 1244, 1245, '6033/keyd'),
(242, 1246, 1247, 1248, 1249, 1250, '9013/bulldozer'),
(295, 1511, 1512, 1513, 1514, 1515, '8008/grayhound'),
(296, 1516, 1517, 1518, 1519, 1520, '5153/energy'),
(297, 1521, 1522, 1523, 1524, 1525, '7354/mvp-pk'),
(298, 1526, 1527, 1528, 1529, 1530, '8848/alpha-red'),
(365, 1861, 1862, 1863, 1864, 1865, '7092/5power'),
(366, 1866, 1867, 1868, 1869, 1870, '5293/avant'),
(367, 1871, 1872, 1873, 1874, 1875, '4863/tyloo'),
(368, 1876, 1877, 1878, 1879, 1880, '10050/ffamix'),
(399, 2031, 2032, 2033, 2034, 2035, '8848/alpha-red'),
(400, 2036, 2037, 2038, 2039, 2040, '4863/tyloo'),
(445, 2261, 2262, 2263, 2264, 2265, '7020/spirit'),
(446, 2266, 2267, 2268, 2269, 2270, '7969/nemiga'),
(453, 2301, 2302, 2303, 2304, 2305, '8772/syman'),
(454, 2306, 2307, 2308, 2309, 2310, '9287/unique'),
(489, 2481, 2482, 2483, 2484, 2485, '10098/warthox'),
(490, 2486, 2487, 2488, 2489, 2490, '7020/spirit'),
(529, 2681, 2682, 2683, 2684, 2685, '9976/gambit-youngsters'),
(530, 2686, 2687, 2688, 2689, 2690, '8772/syman'),
(531, 2691, 2692, 2693, 2694, 2695, '6898/boot'),
(532, 2696, 2697, 2698, 2699, 2700, '10022/onethree'),
(533, 2701, 2702, 2703, 2704, 2705, '7718/movistar-riders'),
(534, 2706, 2707, 2708, 2709, 2710, '7461/copenhagen-flames'),
(535, 2711, 2712, 2713, 2714, 2715, '8607/d13'),
(536, 2716, 2717, 2718, 2719, 2720, '9100/2990'),
(537, 2721, 2722, 2723, 2724, 2725, '8305/dreameaters'),
(538, 2726, 2727, 2728, 2729, 2730, '8772/syman'),
(539, 2731, 2732, 2733, 2734, 2735, '6685/ancient'),
(540, 2736, 2737, 2738, 2739, 2740, '4602/tricked'),
(541, 2741, 2742, 2743, 2744, 2745, '8607/d13'),
(542, 2746, 2747, 2748, 2749, 2750, '7480/rte'),
(543, 2751, 2752, 2753, 2754, 2755, '6033/keyd'),
(544, 2756, 2757, 2758, 2759, 2760, '10119/eox'),
(545, 2761, 2762, 2763, 2764, 2765, '10116/helsinki-reds'),
(546, 2766, 2767, 2768, 2769, 2770, '8963/lyngby-vikings'),
(547, 2771, 2772, 2773, 2774, 2775, '7187/nexus'),
(548, 2776, 2777, 2778, 2779, 2780, '9802/budapest-five'),
(549, 2781, 2782, 2783, 2784, 2785, '7983/paradox'),
(550, 2786, 2787, 2788, 2789, 2790, '9747/genuine'),
(551, 2791, 2792, 2793, 2794, 2795, '6898/boot'),
(552, 2796, 2797, 2798, 2799, 2800, '10206/bren'),
(553, 2801, 2802, 2803, 2804, 2805, '7354/mvp-pk'),
(554, 2806, 2807, 2808, 2809, 2810, '5293/avant'),
(555, 2811, 2812, 2813, 2814, 2815, '8008/grayhound'),
(556, 2816, 2817, 2818, 2819, 2820, '4863/tyloo'),
(557, 2821, 2822, 2823, 2824, 2825, '7020/spirit'),
(558, 2826, 2827, 2828, 2829, 2830, '8305/dreameaters'),
(559, 2831, 2832, 2833, 2834, 2835, '7461/copenhagen-flames'),
(560, 2836, 2837, 2838, 2839, 2840, '8637/sprout'),
(561, 2841, 2842, 2843, 2844, 2845, '6685/ancient'),
(562, 2846, 2847, 2848, 2849, 2850, '4501/alternate-attax'),
(563, 2851, 2852, 2853, 2854, 2855, '8135/forze'),
(564, 2856, 2857, 2858, 2859, 2860, '8772/syman'),
(565, 2861, 2862, 2863, 2864, 2865, '10119/eox'),
(566, 2866, 2867, 2868, 2869, 2870, '7176/red-canids'),
(567, 2871, 2872, 2873, 2874, 2875, '9976/gambit-youngsters'),
(568, 2876, 2877, 2878, 2879, 2880, '9183/winstrike'),
(573, 2901, 2902, 2903, 2904, 2905, '7533/north'),
(574, 2906, 2907, 2908, 2909, 2910, '7354/mvp-pk'),
(575, 2911, 2912, 2913, 2914, 2915, '6619/intz'),
(576, 2916, 2917, 2918, 2919, 2920, '7354/mvp-pk'),
(591, 3015, 3016, 3017, 3018, 3019, '7653/isurus'),
(592, 3020, 3021, 3022, 3023, 3024, '9013/bulldozer'),
(612, 3179, 3180, 3181, 3182, 3183, '8574/w7m'),
(613, 3184, 3185, 3186, 3187, 3188, '6033/keyd');

-- --------------------------------------------------------

--
-- Table structure for table `matches`
--

CREATE TABLE `matches` (
  `MTID` int(11) NOT NULL,
  `match_id` varchar(100) DEFAULT NULL,
  `t1_GPMID` int(11) DEFAULT NULL,
  `t2_GPMID` int(11) DEFAULT NULL,
  `match_type` int(11) DEFAULT NULL,
  `map_1` varchar(100) DEFAULT NULL,
  `map_t1_win` tinyint(1) DEFAULT NULL,
  `map_2` varchar(20) DEFAULT NULL,
  `map_t2_win` tinyint(1) DEFAULT NULL,
  `map_3` varchar(20) DEFAULT NULL,
  `map_t3_win` tinyint(1) DEFAULT NULL,
  `map_4` varchar(20) DEFAULT NULL,
  `map_t4_win` tinyint(1) DEFAULT NULL,
  `map_5` varchar(20) DEFAULT NULL,
  `map_t5_win` tinyint(1) DEFAULT NULL,
  `t1_score` int(11) DEFAULT NULL,
  `t2_score` int(11) DEFAULT NULL,
  `t1_win` tinyint(1) DEFAULT NULL,
  `date_start` datetime DEFAULT NULL,
  `date_delay` datetime DEFAULT NULL,
  `date_collected` date DEFAULT NULL
) ENGINE=InnoDB DEFAULT CHARSET=latin1;

-- --------------------------------------------------------

--
-- Table structure for table `matches_complete`
--

CREATE TABLE `matches_complete` (
  `MTID` int(11) NOT NULL,
  `match_id` varchar(100) DEFAULT NULL,
  `t1_GPMID` int(11) DEFAULT NULL,
  `t2_GPMID` int(11) DEFAULT NULL,
  `match_type` int(11) DEFAULT NULL,
  `map_1` varchar(100) DEFAULT NULL,
  `map1_t1_win` tinyint(1) DEFAULT NULL,
  `map_2` varchar(20) DEFAULT NULL,
  `map2_t1_win` tinyint(1) DEFAULT NULL,
  `map_3` varchar(20) DEFAULT NULL,
  `map3_t1_win` tinyint(1) DEFAULT NULL,
  `map_4` varchar(20) DEFAULT NULL,
  `map4_t1_win` tinyint(1) DEFAULT NULL,
  `map_5` varchar(20) DEFAULT NULL,
  `map5_t1_win` tinyint(1) DEFAULT NULL,
  `t1_score` int(11) DEFAULT NULL,
  `t2_score` int(11) DEFAULT NULL,
  `t1_win` tinyint(1) DEFAULT NULL,
  `date_start` datetime DEFAULT NULL,
  `date_delay` datetime DEFAULT NULL,
  `date_collected` date DEFAULT NULL,
  `t1_overall_score` int(11) DEFAULT NULL,
  `t2_overall_score` int(11) DEFAULT NULL,
  `map1_t1_score` int(11) DEFAULT NULL,
  `map1_t2_score` int(11) DEFAULT NULL,
  `map2_t1_score` int(11) DEFAULT NULL,
  `map2_t2_score` int(11) DEFAULT NULL,
  `map3_t1_score` int(11) DEFAULT NULL,
  `map3_t2_score` int(11) DEFAULT NULL,
  `map4_t1_score` int(11) DEFAULT NULL,
  `map4_t2_score` int(11) DEFAULT NULL,
  `map5_t1_score` int(11) DEFAULT NULL,
  `map5_t2_score` int(11) DEFAULT NULL
) ENGINE=InnoDB DEFAULT CHARSET=latin1;

--
-- Dumping data for table `matches_complete`
--

INSERT INTO `matches_complete` (`MTID`, `match_id`, `t1_GPMID`, `t2_GPMID`, `match_type`, `map_1`, `map1_t1_win`, `map_2`, `map2_t1_win`, `map_3`, `map3_t1_win`, `map_4`, `map4_t1_win`, `map_5`, `map5_t1_win`, `t1_score`, `t2_score`, `t1_win`, `date_start`, `date_delay`, `date_collected`, `t1_overall_score`, `t2_overall_score`, `map1_t1_score`, `map1_t2_score`, `map2_t1_score`, `map2_t2_score`, `map3_t1_score`, `map3_t2_score`, `map4_t1_score`, `map4_t2_score`, `map5_t1_score`, `map5_t2_score`) VALUES
(23, '/matches/2334999/spirit-vs-nemiga-cis-minor-starladder-major-2019', 445, 446, 6, 'Nuke', 1, 'Mirage', 1, NULL, NULL, NULL, NULL, NULL, NULL, NULL, NULL, 1, '2019-07-25 14:55:00', NULL, '2019-07-25', 2, 0, 16, 11, 16, 10, 0, 0, 0, 0, 0, 0),
(27, '/matches/2334998/syman-vs-unique-cis-minor-starladder-major-2019', 453, 454, 6, 'Dust2', 1, 'Train', 1, NULL, NULL, NULL, NULL, NULL, NULL, NULL, NULL, 1, '2019-07-25 15:00:00', NULL, '2019-07-25', 2, 0, 16, 13, 19, 17, 0, 0, 0, 0, 0, 0),
(44, '/matches/2335015/order-vs-chiefs-esl-australia-nz-championship-season-9', 94, 95, 2, 'Train', 0, 'Inferno', 0, NULL, NULL, NULL, NULL, NULL, NULL, NULL, NULL, 0, '2019-07-23 08:30:00', NULL, '2019-07-23', 0, 2, 10, 16, 11, 16, 0, 0, 0, 0, 0, 0),
(45, '/matches/2335001/warthox-vs-spirit-cis-minor-starladder-major-2019', 489, 490, 6, 'Vertigo', 0, 'Dust2', 0, NULL, NULL, NULL, NULL, NULL, NULL, NULL, NULL, 0, '2019-07-25 17:25:00', NULL, '2019-07-25', 0, 2, 13, 16, 8, 16, 0, 0, 0, 0, 0, 0),
(61, '/matches/2335128/sj-vs-copenhagen-flames-lootbet-season-3-closed-qualifier', 129, 130, 2, 'Mirage', 1, 'Nuke', 0, 'Train', 0, NULL, NULL, NULL, NULL, NULL, NULL, 0, '2019-07-23 14:50:00', NULL, '2019-07-23', 1, 2, 16, 12, 12, 16, 5, 16, 0, 0, 0, 0),
(65, '/matches/2335000/gambit-youngsters-vs-syman-cis-minor-starladder-major-2019', 529, 530, 6, 'Overpass', 1, 'Mirage', 0, 'Dust2', 0, NULL, NULL, NULL, NULL, NULL, NULL, 0, '2019-07-25 18:00:00', NULL, '2019-07-25', 1, 2, 16, 5, 3, 16, 2, 16, 0, 0, 0, 0),
(66, '/matches/2335156/boot-vs-onethree-msi-mga-2019-asia-pacific-last-chance-qualifier', 531, 532, 0, 'Inferno', 1, NULL, NULL, NULL, NULL, NULL, NULL, NULL, NULL, NULL, NULL, 1, '2019-07-26 10:50:00', NULL, '2019-07-26', 1, 0, 16, 12, 0, 0, 0, 0, 0, 0, 0, 0),
(67, '/matches/2335151/movistar-riders-vs-copenhagen-flames-games-clash-masters-2019-europe-qualifier', 533, 534, 0, 'Mirage', 1, NULL, NULL, NULL, NULL, NULL, NULL, NULL, NULL, NULL, NULL, 1, '2019-07-26 12:00:00', NULL, '2019-07-26', 1, 0, 19, 17, 0, 0, 0, 0, 0, 0, 0, 0),
(68, '/matches/2335158/d13-vs-2990-msi-mga-2019-asia-pacific-last-chance-qualifier', 535, 536, 0, 'Nuke', 1, NULL, NULL, NULL, NULL, NULL, NULL, NULL, NULL, NULL, NULL, 1, '2019-07-26 12:25:00', NULL, '2019-07-26', 1, 0, 16, 10, 0, 0, 0, 0, 0, 0, 0, 0),
(69, '/matches/2335003/dreameaters-vs-syman-cis-minor-starladder-major-2019', 537, 538, 6, 'Inferno', 1, 'Dust2', 0, 'Train', 0, NULL, NULL, NULL, NULL, NULL, NULL, 0, '2019-07-26 13:00:00', NULL, '2019-07-26', 1, 2, 16, 9, 20, 22, 16, 19, 0, 0, 0, 0),
(70, '/matches/2335154/ancient-vs-tricked-games-clash-masters-2019-europe-qualifier', 539, 540, 0, 'Nuke', 0, NULL, NULL, NULL, NULL, NULL, NULL, NULL, NULL, NULL, NULL, 0, '2019-07-26 13:30:00', NULL, '2019-07-26', 0, 1, 20, 22, 0, 0, 0, 0, 0, 0, 0, 0),
(71, '/matches/2335164/d13-vs-rte-msi-mga-2019-asia-pacific-last-chance-qualifier', 541, 542, 2, NULL, NULL, NULL, NULL, NULL, NULL, NULL, NULL, NULL, NULL, NULL, NULL, 0, '2019-07-26 14:00:00', NULL, '2019-07-26', 0, 0, 0, 0, 0, 0, 0, 0, 0, 0, 0, 0),
(72, '/matches/2335144/keyd-vs-eox-liga-dell-jul-19', 543, 544, 0, 'Mirage', 1, NULL, NULL, NULL, NULL, NULL, NULL, NULL, NULL, NULL, NULL, 1, '2019-07-26 17:00:00', NULL, '2019-07-26', 1, 0, 16, 9, 0, 0, 0, 0, 0, 0, 0, 0),
(73, '/matches/2335168/helsinki-reds-vs-lyngby-vikings-msi-mga-2019-europe-last-chance-qualifier', 545, 546, 0, 'Inferno', 0, NULL, NULL, NULL, NULL, NULL, NULL, NULL, NULL, NULL, NULL, 0, '2019-07-26 16:55:00', NULL, '2019-07-26', 0, 1, 4, 16, 0, 0, 0, 0, 0, 0, 0, 0),
(74, '/matches/2335169/nexus-vs-budapest-five-msi-mga-2019-europe-last-chance-qualifier', 547, 548, 0, 'Inferno', 0, NULL, NULL, NULL, NULL, NULL, NULL, NULL, NULL, NULL, NULL, 0, '2019-07-26 17:35:00', NULL, '2019-07-26', 0, 1, 14, 16, 0, 0, 0, 0, 0, 0, 0, 0),
(75, '/matches/2335150/paradox-vs-genuine-aef-season-2-finals', 549, 550, 7, 'Train', 0, 'Mirage', 0, 'Inferno', 0, NULL, NULL, NULL, NULL, NULL, NULL, 0, '2019-07-27 00:00:00', NULL, '2019-07-26', 0, 3, 12, 16, 6, 16, 13, 16, 0, 0, 0, 0),
(76, '/matches/2335163/boot-vs-bren-msi-mga-2019-asia-pacific-last-chance-qualifier', 551, 552, 2, 'Inferno', 1, 'Nuke', 1, NULL, NULL, NULL, NULL, NULL, NULL, NULL, NULL, 1, '2019-07-27 02:00:00', NULL, '2019-07-27', 2, 0, 16, 5, 16, 10, 0, 0, 0, 0, 0, 0),
(77, '/matches/2334949/mvp-pk-vs-avant-asia-minor-starladder-major-2019', 553, 554, 6, 'Dust2', 1, 'Inferno', 1, NULL, NULL, NULL, NULL, NULL, NULL, NULL, NULL, 1, '2019-07-27 04:00:00', NULL, '2019-07-27', 2, 0, 16, 11, 16, 9, 0, 0, 0, 0, 0, 0),
(78, '/matches/2334950/grayhound-vs-tyloo-asia-minor-starladder-major-2019', 555, 556, 6, 'Inferno', 1, 'Dust2', 0, 'Train', 1, NULL, NULL, NULL, NULL, NULL, NULL, 1, '2019-07-27 07:00:00', NULL, '2019-07-27', 2, 1, 16, 14, 6, 16, 22, 20, 0, 0, 0, 0),
(79, '/matches/2335005/spirit-vs-dreameaters-cis-minor-starladder-major-2019', 557, 558, 6, 'Train', 0, 'Mirage', 0, NULL, NULL, NULL, NULL, NULL, NULL, NULL, NULL, 0, '2019-07-27 10:00:00', NULL, '2019-07-27', 0, 2, 10, 16, 14, 16, 0, 0, 0, 0, 0, 0),
(80, '/matches/2335162/copenhagen-flames-vs-sprout-games-clash-masters-2019-europe-qualifier', 559, 560, 2, 'Inferno', 0, 'Overpass', 0, NULL, NULL, NULL, NULL, NULL, NULL, NULL, NULL, 0, '2019-07-27 10:00:00', NULL, '2019-07-27', 0, 2, 11, 16, 10, 16, 0, 0, 0, 0, 0, 0),
(81, '/matches/2335165/ancient-vs-alternate-attax-games-clash-masters-2019-europe-qualifier', 561, 562, 2, 'Dust2', 0, 'Train', 1, 'Inferno', 1, NULL, NULL, NULL, NULL, NULL, NULL, 1, '2019-07-27 12:30:00', NULL, '2019-07-27', 2, 1, 13, 16, 16, 13, 16, 5, 0, 0, 0, 0),
(82, '/matches/2335004/forze-vs-syman-cis-minor-starladder-major-2019', 563, 564, 6, 'Inferno', 1, 'Dust2', 1, NULL, NULL, NULL, NULL, NULL, NULL, NULL, NULL, 1, '2019-07-27 13:30:00', NULL, '2019-07-27', 2, 0, 16, 5, 16, 6, 0, 0, 0, 0, 0, 0),
(84, '/matches/2335186/gambit-youngsters-vs-winstrike-msi-mga-2019-cis-last-chance-qualifier', 567, 568, 2, 'Vertigo', 1, 'Mirage', 1, NULL, NULL, NULL, NULL, NULL, NULL, NULL, NULL, 1, '2019-07-27 15:50:00', NULL, '2019-07-27', 2, 0, 16, 14, 16, 6, 0, 0, 0, 0, 0, 0),
(90, '/matches/2335133/eox-vs-santos-brasil-game-cup-2019', 187, 188, 0, 'Inferno', 1, NULL, NULL, NULL, NULL, NULL, NULL, NULL, NULL, NULL, NULL, 1, '2019-07-23 21:00:00', NULL, '2019-07-23', 1, 0, 16, 14, 0, 0, 0, 0, 0, 0, 0, 0),
(117, '/matches/2335135/keyd-vs-bulldozer-brasil-game-cup-2019', 241, 242, 0, 'Dust2', 1, NULL, NULL, NULL, NULL, NULL, NULL, NULL, NULL, NULL, NULL, 1, '2019-07-23 22:10:00', NULL, '2019-07-23', 1, 0, 16, 12, 0, 0, 0, 0, 0, 0, 0, 0),
(144, '/matches/2334937/grayhound-vs-energy-asia-minor-starladder-major-2019', 295, 296, 4, 'Dust2', 1, NULL, NULL, NULL, NULL, NULL, NULL, NULL, NULL, NULL, NULL, 1, '2019-07-24 08:05:00', NULL, '2019-07-24', 1, 0, 16, 7, 0, 0, 0, 0, 0, 0, 0, 0),
(145, '/matches/2334938/mvp-pk-vs-alpha-red-asia-minor-starladder-major-2019', 297, 298, 4, 'Train', 0, NULL, NULL, NULL, NULL, NULL, NULL, NULL, NULL, NULL, NULL, 0, '2019-07-24 08:05:00', NULL, '2019-07-24', 0, 1, 10, 16, 0, 0, 0, 0, 0, 0, 0, 0),
(179, '/matches/2334939/5power-vs-avant-asia-minor-starladder-major-2019', 365, 366, 4, 'Dust2', 0, NULL, NULL, NULL, NULL, NULL, NULL, NULL, NULL, NULL, NULL, 0, '2019-07-24 09:15:00', NULL, '2019-07-24', 0, 1, 9, 16, 0, 0, 0, 0, 0, 0, 0, 0),
(180, '/matches/2334940/tyloo-vs-ffamix-asia-minor-starladder-major-2019', 367, 368, 4, 'Mirage', 1, NULL, NULL, NULL, NULL, NULL, NULL, NULL, NULL, NULL, NULL, 1, '2019-07-24 09:15:00', NULL, '2019-07-24', 1, 0, 16, 8, 0, 0, 0, 0, 0, 0, 0, 0),
(196, '/matches/2334942/alpha-red-vs-tyloo-asia-minor-starladder-major-2019', 399, 400, 6, 'Overpass', 1, 'Mirage', 0, 'Train', 0, NULL, NULL, NULL, NULL, NULL, NULL, 0, '2019-07-24 10:30:00', NULL, '2019-07-24', 1, 2, 16, 8, 8, 16, 9, 16, 0, 0, 0, 0),
(1003, '/matches/2335195/north-vs-mvp-pk-starladder-major-2019-minor-play-in', 573, 574, 6, 'Nuke', 1, 'Inferno', 1, NULL, NULL, NULL, NULL, NULL, NULL, NULL, NULL, 1, '2019-07-29 10:00:00', NULL, '2019-07-29', 2, 0, 16, 10, 16, 10, 0, 0, 0, 0, 0, 0),
(1004, '/matches/2335196/intz-vs-mvp-pk-starladder-major-2019-minor-play-in', 575, 576, 6, 'Vertigo', 1, 'Train', 1, NULL, NULL, NULL, NULL, NULL, NULL, NULL, NULL, 1, '2019-07-29 12:30:00', NULL, '2019-07-29', 2, 0, 16, 12, 16, 13, 0, 0, 0, 0, 0, 0),
(1005, '/matches/2335223/isurus-vs-bulldozer-brasil-game-cup-2019', 591, 592, 0, 'Dust2', 1, NULL, NULL, NULL, NULL, NULL, NULL, NULL, NULL, NULL, NULL, 1, '2019-07-30 16:05:00', NULL, '2019-07-30', 1, 0, 22, 20, 0, 0, 0, 0, 0, 0, 0, 0),
(1006, '/matches/2335226/w7m-vs-keyd-brasil-game-cup-2019', 612, 613, 0, 'Overpass', 1, NULL, NULL, NULL, NULL, NULL, NULL, NULL, NULL, NULL, NULL, 1, '2019-07-30 18:00:00', NULL, '2019-07-30', 1, 0, 16, 3, 0, 0, 0, 0, 0, 0, 0, 0);

-- --------------------------------------------------------

--
-- Table structure for table `players`
--

CREATE TABLE `players` (
  `PMID` int(11) NOT NULL,
  `player_name` varchar(50) DEFAULT NULL,
  `player_id` varchar(50) DEFAULT NULL,
  `rating2` float(3,2) DEFAULT NULL,
  `rating1` float(3,2) DEFAULT NULL,
  `ks_per_rnd` float(4,2) DEFAULT NULL,
  `assists_per_rnd` float(4,2) DEFAULT NULL,
  `saved_by_teammate_per_rnd` float(4,2) DEFAULT NULL,
  `saves_per_rnd` float(4,2) DEFAULT NULL,
  `headshots` float(4,3) DEFAULT NULL,
  `maps_played` int(11) DEFAULT NULL,
  `deaths_per_rnd` float(4,2) DEFAULT NULL,
  `age` int(11) DEFAULT NULL,
  `country` int(11) DEFAULT NULL,
  `total_ks` int(11) DEFAULT NULL,
  `total_deaths` int(11) DEFAULT NULL,
  `k_death_ratio` float(3,2) DEFAULT NULL,
  `damage_per_rnd` float(4,2) DEFAULT NULL,
  `grenade_per_rnd` float(4,2) DEFAULT NULL,
  `rnds_played` int(11) DEFAULT NULL,
  `rnds_with_ks` int(11) DEFAULT NULL,
  `_0_k_rnds` int(11) DEFAULT NULL,
  `_1_k_rnds` int(11) DEFAULT NULL,
  `_2_k_rnds` int(11) DEFAULT NULL,
  `_3_k_rnds` int(11) DEFAULT NULL,
  `_4_k_rnds` int(11) DEFAULT NULL,
  `_5_k_rnds` int(11) DEFAULT NULL,
  `rifle_ks` int(11) DEFAULT NULL,
  `sniper_ks` int(11) DEFAULT NULL,
  `smg_ks` int(11) DEFAULT NULL,
  `pistol_ks` int(11) DEFAULT NULL,
  `grenade_ks` int(11) DEFAULT NULL,
  `other_ks` int(11) DEFAULT NULL,
  `opening_ks` int(11) DEFAULT NULL,
  `opening_deaths` int(11) DEFAULT NULL,
  `opening_k_ratio` float(4,2) DEFAULT NULL,
  `opening_k_rating` float(4,2) DEFAULT NULL,
  `team_win_percent_after_first_k` float(4,3) DEFAULT NULL,
  `first_k_in_won_rounds` float(4,3) DEFAULT NULL,
  `date_collected` datetime DEFAULT NULL,
  `clutch_1v1_w` int(11) NOT NULL,
  `clutch_1v2_w` int(11) NOT NULL,
  `clutch_1v3_w` int(11) NOT NULL,
  `clutch_1v4_w` int(11) NOT NULL,
  `clutch_1v5_w` int(11) NOT NULL,
  `clutch_1v1_l` int(11) NOT NULL
) ENGINE=InnoDB DEFAULT CHARSET=latin1;

--
-- Dumping data for table `players`
--

INSERT INTO `players` (`PMID`, `player_name`, `player_id`, `rating2`, `rating1`, `ks_per_rnd`, `assists_per_rnd`, `saved_by_teammate_per_rnd`, `saves_per_rnd`, `headshots`, `maps_played`, `deaths_per_rnd`, `age`, `country`, `total_ks`, `total_deaths`, `k_death_ratio`, `damage_per_rnd`, `grenade_per_rnd`, `rnds_played`, `rnds_with_ks`, `_0_k_rnds`, `_1_k_rnds`, `_2_k_rnds`, `_3_k_rnds`, `_4_k_rnds`, `_5_k_rnds`, `rifle_ks`, `sniper_ks`, `smg_ks`, `pistol_ks`, `grenade_ks`, `other_ks`, `opening_ks`, `opening_deaths`, `opening_k_ratio`, `opening_k_rating`, `team_win_percent_after_first_k`, `first_k_in_won_rounds`, `date_collected`, `clutch_1v1_w`, `clutch_1v2_w`, `clutch_1v3_w`, `clutch_1v4_w`, `clutch_1v5_w`, `clutch_1v1_l`) VALUES
(497, 'emagine', '8744/emagine', 1.11, 1.01, 0.69, 0.14, 0.10, 0.09, 0.454, 652, 0.65, NULL, 0, 11264, 10713, 1.05, 74.00, 4.60, 16419, 7724, 8695, 4968, 2084, 571, 95, 6, 8206, 77, 887, 1846, 205, 63, 1350, 1424, 0.95, 0.93, 0.787, 0.117, '2019-07-23 08:30:11', 98, 59, 10, 2, 0, 64),
(498, 'aliStair', '11139/aliStair', 1.23, NULL, 0.71, 0.13, 0.09, 0.09, 0.371, 616, 0.63, NULL, 0, 11098, 9792, 1.13, 75.10, 2.70, 15540, 7523, 8017, 4758, 2072, 586, 97, 10, 4762, 3432, 667, 2029, 141, 94, 1981, 1608, 1.23, 1.13, 0.787, 0.177, '2019-07-23 08:30:17', 98, 76, 16, 2, 0, 70),
(499, 'INS', '11140/INS', 1.24, NULL, 0.74, 0.17, 0.10, 0.09, 0.420, 605, 0.66, NULL, 0, 11391, 10072, 1.13, 84.30, 7.60, 15320, 7547, 7773, 4632, 2137, 636, 133, 9, 7540, 578, 929, 1963, 293, 109, 1709, 1529, 1.12, 1.06, 0.773, 0.152, '2019-07-23 08:30:23', 109, 47, 17, 4, 0, 70),
(500, 'Hatz', '11162/Hatz', 1.25, NULL, 0.75, 0.14, 0.09, 0.10, 0.501, 609, 0.64, NULL, 0, 11529, 9838, 1.17, 79.80, 4.40, 15475, 7591, 7884, 4651, 2111, 678, 133, 18, 7642, 971, 920, 1819, 139, 58, 1856, 1597, 1.16, 1.09, 0.765, 0.161, '2019-07-23 08:30:28', 122, 48, 15, 2, 0, 59),
(501, 'Valiance', '16323/Valiance', 1.19, NULL, 0.74, 0.14, 0.10, 0.12, 0.514, 141, 0.67, NULL, 0, 2691, 2425, 1.11, 81.10, 4.20, 3633, 1746, 1887, 1054, 489, 155, 46, 2, 1860, 174, 102, 532, 25, 6, 338, 281, 1.20, 1.00, 0.716, 0.135, '2019-07-23 08:30:33', 32, 14, 6, 0, 0, 19),
(502, 'zewsy', '8764/zewsy', 1.04, 1.05, 0.72, 0.17, 0.11, 0.10, 0.407, 557, 0.67, NULL, 0, 10105, 9439, 1.07, 79.50, 3.20, 14095, 6729, 7366, 4190, 1849, 565, 105, 20, 7431, 88, 779, 1691, 95, 36, 1428, 1479, 0.97, 1.00, 0.752, 0.142, '2019-07-23 08:30:38', 100, 50, 9, 2, 1, 52),
(503, 'ofnu', '8767/ofnu', 1.15, 1.08, 0.73, 0.15, 0.09, 0.11, 0.478, 599, 0.66, NULL, 0, 11131, 10027, 1.11, 79.60, 4.80, 15231, 7371, 7860, 4566, 2010, 647, 137, 11, 8244, 64, 793, 1841, 190, 5, 1486, 1342, 1.11, 1.01, 0.758, 0.137, '2019-07-23 08:30:43', 112, 36, 15, 1, 0, 67),
(504, 'tucks', '9108/tucks', 1.03, 1.07, 0.72, 0.13, 0.09, 0.09, 0.435, 613, 0.64, NULL, 0, 11187, 9938, 1.13, 77.10, 3.90, 15463, 7483, 7980, 4659, 2064, 651, 98, 11, 7264, 1212, 787, 1760, 143, 37, 1664, 1452, 1.15, 1.05, 0.788, 0.152, '2019-07-23 08:30:49', 107, 72, 18, 3, 0, 73),
(505, 'Texta', '11847/Texta', 1.09, NULL, 0.80, 0.18, 0.11, 0.13, 0.402, 554, 0.69, NULL, 0, 11145, 9527, 1.17, 87.80, 3.70, 13895, 7223, 6672, 4342, 2018, 697, 154, 12, 8754, 93, 249, 1971, 94, 6, 1729, 1630, 1.06, 1.09, 0.763, 0.174, '2019-07-23 08:30:54', 69, 35, 4, 3, 0, 44),
(506, 'BL1TZ', '12715/BL1TZ', 1.07, NULL, 0.76, 0.09, 0.08, 0.09, 0.413, 435, 0.67, NULL, 0, 8441, 7416, 1.14, 76.90, 2.10, 11078, 5567, 5511, 3431, 1530, 485, 110, 11, 3559, 2930, 460, 1439, 50, 15, 1395, 1068, 1.31, 1.14, 0.746, 0.187, '2019-07-23 08:30:59', 97, 48, 10, 1, 0, 67),
(681, 'KHRN', '971/KHRN', 0.99, 0.97, 0.65, 0.14, 0.10, 0.11, 0.477, 668, 0.66, NULL, 0, 11209, 11383, 0.98, 71.20, 4.70, 17273, 7747, 9526, 5091, 1973, 579, 97, 7, 8450, 86, 530, 1921, 165, 64, 1372, 1537, 0.89, 0.92, 0.727, 0.113, '2019-07-23 14:49:46', 112, 42, 18, 0, 0, 71),
(682, 'xartE', '7537/xartE', 0.98, 0.92, 0.61, 0.15, 0.09, 0.09, 0.376, 869, 0.66, NULL, 0, 13970, 14987, 0.93, 69.40, 5.70, 22774, 9819, 12955, 6583, 2470, 646, 109, 11, 8274, 2058, 842, 2462, 293, 57, 2039, 2162, 0.94, 0.96, 0.737, 0.129, '2019-07-23 14:49:52', 167, 83, 23, 1, 0, 111),
(683, 'arvid', '9325/arvid', 0.99, 0.95, 0.66, 0.14, 0.11, 0.09, 0.438, 543, 0.70, NULL, 0, 9585, 10177, 0.94, 74.30, 3.70, 14538, 6527, 8011, 4196, 1725, 499, 93, 14, 7219, 45, 625, 1553, 108, 50, 1455, 1634, 0.89, 0.98, 0.759, 0.151, '2019-07-23 14:49:58', 79, 35, 12, 1, 0, 62),
(684, 'Jamppi', '14087/Jamppi', 1.24, NULL, 0.78, 0.10, 0.09, 0.09, 0.292, 316, 0.66, NULL, 0, 6550, 5550, 1.18, 78.90, 2.40, 8426, 4279, 4147, 2620, 1147, 417, 90, 5, 1557, 3504, 257, 1153, 50, 46, 1291, 939, 1.37, 1.25, 0.717, 0.223, '2019-07-23 14:50:05', 56, 44, 10, 1, 1, 50),
(685, 'SADDYX', '15563/SADDYX', 0.98, NULL, 0.64, 0.14, 0.10, 0.10, 0.487, 316, 0.68, NULL, 0, 5356, 5700, 0.94, 72.40, 5.40, 8385, 3723, 4662, 2475, 913, 288, 44, 3, 3905, 76, 391, 890, 73, 31, 747, 780, 0.96, 0.96, 0.731, 0.131, '2019-07-23 14:50:10', 41, 20, 4, 0, 0, 41),
(686, 'HooXi', '10096/HooXi', 0.95, 0.91, 0.61, 0.13, 0.09, 0.08, 0.509, 230, 0.68, NULL, 0, 3733, 4109, 0.91, 71.40, 5.50, 6078, 2616, 3462, 1759, 636, 185, 33, 3, 2442, 157, 388, 675, 61, 11, 486, 578, 0.84, 0.91, 0.679, 0.106, '2019-07-23 14:50:17', 31, 18, 3, 0, 0, 27),
(687, 'Console', '10404/Console', 1.03, 0.95, 0.64, 0.15, 0.11, 0.09, 0.395, 696, 0.67, NULL, 0, 11760, 12321, 0.95, 74.00, 3.20, 18309, 8091, 10218, 5286, 2070, 617, 107, 11, 8270, 103, 1068, 2012, 164, 158, 1589, 1771, 0.90, 0.94, 0.729, 0.122, '2019-07-23 14:50:23', 123, 58, 14, 4, 1, 90),
(688, 'Basso', '10443/Basso', 1.04, 1.03, 0.69, 0.11, 0.09, 0.11, 0.519, 345, 0.65, NULL, 0, 6143, 5771, 1.06, 72.40, 3.10, 8929, 4162, 4767, 2665, 1100, 322, 63, 12, 4338, 222, 382, 1118, 71, 20, 699, 683, 1.02, 0.93, 0.745, 0.114, '2019-07-23 14:50:28', 82, 42, 8, 1, 0, 38),
(689, 'Farlig', '13300/Farlig', 1.18, NULL, 0.75, 0.10, 0.09, 0.10, 0.323, 169, 0.63, NULL, 0, 3344, 2814, 1.19, 75.70, 2.10, 4442, 2187, 2255, 1339, 593, 208, 40, 7, 883, 1812, 67, 564, 18, 5, 611, 369, 1.66, 1.22, 0.773, 0.203, '2019-07-23 14:50:33', 33, 15, 5, 0, 0, 19),
(690, 'roeJ', '14419/roeJ', 1.23, NULL, 0.77, 0.15, 0.10, 0.11, 0.523, 210, 0.70, NULL, 0, 4244, 3873, 1.10, 85.40, 3.20, 5496, 2800, 2696, 1733, 764, 235, 62, 6, 3253, 22, 217, 703, 46, 14, 715, 627, 1.14, 1.13, 0.726, 0.187, '2019-07-23 14:50:38', 21, 13, 5, 1, 0, 24),
(761, 'prt', '10827/prt', 1.04, NULL, 0.70, 0.14, 0.12, 0.11, 0.500, 260, 0.67, NULL, 0, 4637, 4446, 1.04, 75.60, 2.90, 6642, 3179, 3463, 2067, 822, 238, 48, 4, 3017, 323, 387, 834, 61, 24, 691, 660, 1.05, 1.02, 0.745, 0.145, '2019-07-23 20:09:16', 50, 22, 7, 1, 0, 36),
(762, 'Tuurtle', '14394/Tuurtle', 1.05, NULL, 0.69, 0.16, 0.11, 0.11, 0.534, 257, 0.71, NULL, 0, 4595, 4711, 0.98, 78.50, 2.70, 6651, 3112, 3539, 2011, 775, 273, 50, 3, 3473, 12, 266, 799, 40, 20, 760, 788, 0.96, 1.04, 0.741, 0.164, '2019-07-23 20:09:21', 30, 14, 8, 1, 0, 19),
(763, 'tiburci0', '16695/tiburci0', 0.98, NULL, 0.65, 0.12, 0.09, 0.10, 0.451, 243, 0.63, NULL, 0, 4063, 3898, 1.04, 71.00, 3.40, 6230, 2856, 3374, 1924, 706, 182, 39, 5, 2647, 459, 227, 679, 44, 21, 460, 426, 1.08, 0.92, 0.752, 0.102, '2019-07-23 20:09:26', 70, 26, 5, 1, 0, 33),
(764, 'vsm', '16816/vsm', 1.19, NULL, 0.82, 0.14, 0.11, 0.12, 0.456, 218, 0.65, NULL, 0, 4595, 3616, 1.27, 87.80, 2.50, 5583, 2916, 2667, 1697, 847, 290, 76, 6, 2979, 591, 177, 769, 40, 58, 805, 617, 1.30, 1.20, 0.766, 0.198, '2019-07-23 20:09:31', 38, 28, 8, 2, 0, 18),
(765, 'hardzao', '16817/hardzao', 1.11, NULL, 0.74, 0.12, 0.10, 0.10, 0.480, 214, 0.62, NULL, 0, 4086, 3398, 1.20, 78.00, 4.10, 5498, 2699, 2799, 1646, 788, 208, 45, 12, 2473, 542, 246, 731, 61, 40, 541, 463, 1.17, 1.02, 0.771, 0.137, '2019-07-23 20:09:36', 49, 24, 11, 1, 0, 33),
(766, 'Noktse', '2161/Noktse', 1.17, NULL, 0.68, 0.12, 0.09, 0.09, 0.357, 449, 0.64, NULL, 0, 7833, 7336, 1.07, 73.60, 4.10, 11514, 5371, 6143, 3475, 1425, 381, 85, 5, 2321, 3679, 423, 1335, 81, 10, 1441, 1173, 1.23, 1.12, 0.759, 0.177, '2019-07-23 20:09:42', 124, 36, 9, 4, 0, 57),
(767, 'reversive', '9221/reversive', 1.05, 1.02, 0.69, 0.14, 0.11, 0.10, 0.432, 324, 0.66, NULL, 0, 5772, 5490, 1.05, 76.50, 4.50, 8356, 3913, 4443, 2511, 1025, 302, 70, 5, 3867, 332, 436, 1057, 81, 12, 810, 736, 1.10, 1.00, 0.733, 0.136, '2019-07-23 20:09:48', 66, 31, 6, 0, 0, 41),
(768, 'max', '12092/max', 1.01, NULL, 0.67, 0.14, 0.11, 0.10, 0.472, 195, 0.68, NULL, 0, 3414, 3452, 0.99, 75.80, 2.80, 5077, 2343, 2734, 1522, 614, 169, 33, 5, 2517, 30, 227, 621, 21, 11, 489, 495, 0.99, 0.99, 0.712, 0.137, '2019-07-23 20:09:53', 37, 15, 1, 0, 0, 31),
(769, '1962', '12094/1962', 1.06, NULL, 0.73, 0.14, 0.12, 0.11, 0.531, 333, 0.69, NULL, 0, 6238, 5960, 1.05, 77.70, 3.90, 8584, 4097, 4487, 2525, 1105, 373, 86, 8, 4668, 39, 315, 1141, 73, 13, 1011, 989, 1.02, 1.06, 0.742, 0.163, '2019-07-23 20:09:58', 54, 26, 5, 2, 0, 31),
(770, 'meyern', '14737/meyern', 1.21, NULL, 0.78, 0.12, 0.10, 0.14, 0.509, 179, 0.67, NULL, 0, 3549, 3051, 1.16, 81.10, 3.20, 4570, 2302, 2268, 1413, 608, 213, 59, 9, 2291, 459, 133, 648, 18, 6, 513, 441, 1.16, 1.07, 0.772, 0.166, '2019-07-23 20:10:03', 45, 14, 3, 1, 0, 15),
(781, 'WOOD7', '14390/WOOD7', 1.00, NULL, 0.62, 0.13, 0.08, 0.08, 0.372, 134, 0.69, NULL, 0, 2152, 2393, 0.90, 71.30, 5.90, 3464, 1539, 1925, 1039, 396, 98, 3, 3, 1369, 28, 362, 358, 34, 5, 250, 325, 0.77, 0.87, 0.684, 0.107, '2019-07-23 20:41:01', 39, 14, 0, 0, 0, 22),
(782, 'kaiG', '14445/kaiG', 1.04, NULL, 0.70, 0.14, 0.10, 0.11, 0.333, 213, 0.68, NULL, 0, 3874, 3747, 1.03, 76.20, 4.00, 5542, 2632, 2910, 1708, 657, 220, 43, 4, 2304, 572, 211, 758, 30, 4, 465, 431, 1.08, 0.96, 0.729, 0.124, '2019-07-23 20:41:07', 43, 29, 7, 0, 0, 35),
(783, 'LeoGOD', '15919/LeoGOD', 1.09, NULL, 0.68, 0.16, 0.10, 0.09, 0.361, 189, 0.69, NULL, 0, 3376, 3396, 0.99, 78.00, 4.50, 4943, 2301, 2642, 1472, 621, 172, 34, 2, 2472, 75, 172, 612, 43, 15, 509, 505, 1.01, 1.01, 0.723, 0.155, '2019-07-23 20:41:13', 41, 24, 6, 0, 0, 27),
(784, 'pesadelo', '17553/pesadelo', 1.08, NULL, 0.72, 0.14, 0.09, 0.11, 0.420, 86, 0.73, NULL, 0, 1646, 1676, 0.98, 78.00, 5.00, 2290, 1089, 1201, 684, 281, 101, 18, 5, 1185, 38, 87, 314, 19, 3, 240, 241, 1.00, 1.02, 0.679, 0.150, '2019-07-23 20:41:19', 11, 4, 6, 0, 0, 9),
(785, 'nython', '18743/nython', 1.12, NULL, 0.76, 0.11, 0.10, 0.10, 0.384, 52, 0.67, NULL, 0, 1075, 956, 1.12, 75.90, 2.00, 1421, 714, 707, 427, 224, 53, 9, 1, 398, 428, 46, 194, 4, 6, 181, 164, 1.10, 1.11, 0.746, 0.189, '2019-07-23 20:41:25', 6, 7, 5, 0, 0, 9),
(786, 'cryo', '12125/cryo', 0.94, NULL, 0.61, 0.13, 0.10, 0.10, 0.389, 110, 0.69, NULL, 0, 1739, 1981, 0.88, 69.20, 2.10, 2857, 1222, 1635, 808, 330, 67, 15, 2, 1284, 49, 132, 260, 10, 8, 215, 240, 0.90, 0.90, 0.674, 0.107, '2019-07-23 20:41:30', 21, 8, 2, 2, 0, 11),
(787, 'Mk', '14395/Mk', 0.91, NULL, 0.56, 0.14, 0.09, 0.07, 0.475, 42, 0.74, NULL, 0, 610, 800, 0.76, 67.60, 2.60, 1088, 428, 660, 279, 122, 22, 4, 1, 432, 19, 51, 101, 5, 6, 85, 114, 0.75, 0.88, 0.624, 0.106, '2019-07-23 20:41:35', 5, 5, 0, 0, 0, 3),
(788, 'vhz', '14781/vhz', 1.00, NULL, 0.69, 0.09, 0.10, 0.10, 0.322, 114, 0.70, NULL, 0, 2017, 2047, 0.99, 70.30, 2.30, 2941, 1384, 1557, 899, 365, 96, 20, 4, 343, 1191, 95, 377, 13, 3, 375, 271, 1.38, 1.15, 0.699, 0.197, '2019-07-23 20:41:40', 23, 11, 2, 1, 0, 17),
(789, 'abr', '17028/abr', 1.12, NULL, 0.74, 0.11, 0.09, 0.12, 0.524, 69, 0.67, NULL, 0, 1335, 1211, 1.10, 78.10, 2.30, 1797, 909, 888, 589, 236, 65, 16, 3, 950, 99, 34, 245, 7, 4, 161, 144, 1.12, 0.98, 0.720, 0.136, '2019-07-23 20:41:45', 16, 9, 2, 0, 0, 7),
(790, 'rood', '17680/rood', 1.01, NULL, 0.69, 0.15, 0.11, 0.09, 0.426, 55, 0.71, NULL, 0, 958, 993, 0.96, 78.00, 5.10, 1391, 646, 745, 414, 167, 52, 11, 2, 707, 38, 46, 147, 14, 8, 127, 175, 0.73, 0.91, 0.654, 0.127, '2019-07-23 20:41:49', 7, 7, 0, 0, 0, 3),
(971, 'mawth', '10838/mawth', 1.10, NULL, 0.74, 0.11, 0.10, 0.10, 0.350, 103, 0.70, NULL, 0, 1997, 1903, 1.05, 77.30, 2.90, 2711, 1302, 1409, 777, 382, 117, 25, 1, 882, 645, 86, 368, 9, 14, 314, 274, 1.15, 1.08, 0.697, 0.175, '2019-07-23 21:00:06', 27, 8, 6, 0, 0, 12),
(972, 'trk8', '13284/trk8', 1.00, NULL, 0.61, 0.12, 0.08, 0.09, 0.456, 79, 0.72, NULL, 0, 1260, 1483, 0.85, 67.70, 3.30, 2065, 890, 1175, 595, 230, 56, 8, 1, 770, 178, 49, 242, 14, 10, 188, 286, 0.66, 0.89, 0.723, 0.143, '2019-07-23 21:00:10', 15, 5, 2, 1, 0, 14),
(973, 'Will1', '13285/Will1', 0.93, NULL, 0.63, 0.11, 0.09, 0.10, 0.473, 79, 0.71, NULL, 0, 1299, 1465, 0.89, 69.20, 3.20, 2065, 916, 1149, 621, 220, 63, 11, 1, 1004, 4, 53, 219, 17, 5, 150, 161, 0.93, 0.90, 0.667, 0.105, '2019-07-23 21:00:15', 18, 5, 0, 0, 0, 9),
(974, 'bnc', '13287/bnc', 1.05, NULL, 0.65, 0.13, 0.10, 0.09, 0.454, 79, 0.71, NULL, 0, 1351, 1459, 0.93, 74.80, 5.00, 2065, 929, 1136, 608, 238, 67, 14, 2, 1022, 15, 29, 262, 21, 7, 179, 217, 0.82, 0.92, 0.709, 0.134, '2019-07-23 21:00:19', 13, 4, 2, 0, 0, 8),
(975, 'skullz', '18676/skullz', 1.09, NULL, 0.68, 0.14, 0.13, 0.12, 0.494, 48, 0.68, NULL, 0, 868, 872, 1.00, 75.30, 4.00, 1278, 591, 687, 390, 142, 43, 15, 1, 682, 3, 29, 143, 12, 2, 121, 141, 0.86, 0.96, 0.744, 0.146, '2019-07-23 21:00:23', 12, 2, 0, 0, 0, 2),
(976, 'Slag', '17182/Slag', 0.80, NULL, 0.60, 0.10, 0.11, 0.08, 0.570, 32, 0.74, NULL, 0, 486, 597, 0.81, 64.70, 2.40, 807, 350, 457, 238, 91, 18, 3, 0, 339, 6, 25, 107, 7, 2, 74, 106, 0.70, 0.91, 0.757, 0.152, '2019-07-23 21:00:28', 6, 1, 0, 0, 0, 3),
(977, 'MaLLby', '17216/MaLLby', 0.89, NULL, 0.70, 0.15, 0.10, 0.12, 0.454, 29, 0.71, NULL, 0, 535, 549, 0.97, 79.40, 2.70, 768, 371, 397, 246, 93, 25, 7, 0, 378, 24, 34, 95, 3, 3, 78, 91, 0.86, 0.98, 0.718, 0.159, '2019-07-23 21:00:32', 4, 2, 1, 0, 0, 4),
(978, 'keiz', '17219/keiz', 1.01, NULL, 0.76, 0.08, 0.09, 0.12, 0.293, 21, 0.63, NULL, 0, 426, 353, 1.21, 74.50, 2.20, 561, 293, 268, 193, 69, 29, 2, 0, 136, 208, 1, 79, 4, 2, 64, 38, 1.68, 1.12, 0.734, 0.178, '2019-07-23 21:00:37', 5, 3, 0, 0, 0, 7),
(979, 'jntzika', '17861/jntzika', 1.04, NULL, 0.71, 0.12, 0.10, 0.08, 0.411, 18, 0.75, NULL, 0, 319, 335, 0.95, 81.20, 3.60, 449, 211, 238, 132, 55, 19, 5, 0, 204, 47, 7, 56, 3, 4, 46, 49, 0.94, 1.00, 0.652, 0.161, '2019-07-23 21:00:42', 2, 0, 2, 0, 0, 2),
(980, 'Piriajr', '18714/Piriajr', 0.86, NULL, 0.55, 0.10, 0.08, 0.08, 0.625, 16, 0.70, NULL, 0, 216, 279, 0.77, 59.50, 3.00, 396, 155, 241, 112, 28, 12, 3, 0, 153, 12, 7, 43, 2, 0, 35, 48, 0.73, 0.91, 0.714, 0.148, '2019-07-23 21:00:46', 4, 1, 0, 0, 0, 0),
(1241, 'zqkS', '7383/zqkS', 1.09, 1.00, 0.66, 0.12, 0.10, 0.09, 0.295, 541, 0.63, NULL, 0, 9198, 8719, 1.05, 70.50, 3.70, 13877, 6388, 7489, 4195, 1681, 425, 78, 9, 2153, 4847, 439, 1609, 120, 54, 1706, 1290, 1.32, 1.13, 0.749, 0.182, '2019-07-23 22:09:46', 137, 43, 14, 1, 0, 82),
(1242, 'SHOOWTiME', '9220/SHOOWTiME', 1.03, 0.98, 0.68, 0.13, 0.11, 0.10, 0.460, 753, 0.68, NULL, 0, 13125, 13248, 0.99, 74.80, 3.90, 19363, 8959, 10404, 5771, 2351, 706, 122, 9, 8878, 1129, 715, 2211, 165, 50, 2024, 1875, 1.08, 1.03, 0.727, 0.147, '2019-07-23 22:09:51', 122, 62, 19, 3, 0, 81),
(1243, 'dzt', '10570/dzt', 1.07, 1.01, 0.70, 0.14, 0.10, 0.09, 0.464, 466, 0.68, NULL, 0, 8368, 8129, 1.03, 77.00, 3.60, 11964, 5660, 6304, 3604, 1516, 434, 100, 6, 5641, 604, 635, 1367, 74, 69, 1475, 1429, 1.03, 1.08, 0.751, 0.174, '2019-07-23 22:09:57', 62, 39, 9, 3, 0, 55),
(1244, 'RMN', '10790/RMN', 1.07, NULL, 0.72, 0.14, 0.10, 0.11, 0.428, 255, 0.70, NULL, 0, 4735, 4587, 1.03, 77.00, 6.20, 6593, 3161, 3432, 1966, 874, 269, 46, 6, 3040, 396, 326, 848, 96, 38, 660, 601, 1.10, 1.02, 0.767, 0.152, '2019-07-23 22:10:02', 40, 16, 6, 0, 1, 35),
(1245, 'shz', '11739/shz', 1.18, NULL, 0.74, 0.13, 0.10, 0.12, 0.509, 489, 0.65, NULL, 0, 9295, 8271, 1.12, 78.70, 3.10, 12644, 6196, 6448, 3890, 1656, 519, 119, 12, 6905, 70, 584, 1625, 101, 29, 1048, 901, 1.16, 0.96, 0.742, 0.119, '2019-07-23 22:10:08', 83, 43, 8, 1, 0, 58),
(1246, 'cryo', '12125/cryo', 0.94, NULL, 0.61, 0.13, 0.10, 0.10, 0.390, 111, 0.69, NULL, 0, 1756, 1998, 0.88, 69.20, 2.10, 2881, 1233, 1648, 814, 334, 68, 15, 2, 1298, 49, 132, 263, 10, 8, 218, 244, 0.89, 0.90, 0.674, 0.107, '2019-07-23 22:10:12', 21, 8, 2, 2, 0, 11),
(1247, 'Mk', '14395/Mk', 0.93, NULL, 0.56, 0.15, 0.09, 0.07, 0.478, 43, 0.73, NULL, 0, 624, 813, 0.77, 67.70, 2.60, 1112, 439, 673, 287, 125, 22, 4, 1, 442, 19, 53, 103, 5, 6, 88, 115, 0.77, 0.89, 0.636, 0.108, '2019-07-23 22:10:17', 5, 5, 0, 0, 0, 3),
(1248, 'vhz', '14781/vhz', 1.05, NULL, 0.69, 0.08, 0.10, 0.10, 0.322, 115, 0.69, NULL, 0, 2047, 2058, 0.99, 70.70, 2.30, 2965, 1402, 1563, 908, 371, 99, 20, 4, 354, 1206, 95, 381, 13, 3, 377, 271, 1.39, 1.15, 0.700, 0.196, '2019-07-23 22:10:22', 23, 11, 2, 1, 0, 17),
(1249, 'abr', '17028/abr', 1.13, NULL, 0.74, 0.11, 0.09, 0.12, 0.519, 70, 0.67, NULL, 0, 1354, 1221, 1.11, 78.10, 2.30, 1821, 921, 900, 597, 237, 68, 16, 3, 959, 104, 36, 248, 7, 4, 165, 145, 1.14, 0.99, 0.721, 0.137, '2019-07-23 22:10:27', 16, 9, 2, 0, 0, 7),
(1250, 'rood', '17680/rood', 1.01, NULL, 0.69, 0.15, 0.11, 0.09, 0.425, 56, 0.71, NULL, 0, 971, 1006, 0.97, 77.80, 5.20, 1415, 653, 762, 416, 171, 53, 11, 2, 713, 38, 52, 148, 14, 8, 131, 177, 0.74, 0.92, 0.656, 0.129, '2019-07-23 22:10:31', 7, 7, 0, 0, 0, 3),
(1511, 'Sico', '9102/Sico', 1.18, 1.19, 0.79, 0.13, 0.09, 0.10, 0.355, 550, 0.59, NULL, 0, 11000, 8226, 1.34, 82.30, 7.10, 13928, 7332, 6596, 4565, 2004, 638, 112, 13, 3024, 4653, 665, 2315, 302, 62, 1701, 886, 1.92, 1.17, 0.810, 0.174, '2019-07-24 08:04:34', 133, 56, 11, 6, 0, 86),
(1512, 'dexter', '9115/dexter', 1.19, 1.12, 0.77, 0.15, 0.08, 0.10, 0.482, 552, 0.66, NULL, 0, 10789, 9218, 1.17, 83.90, 5.00, 14037, 7074, 6963, 4320, 1953, 655, 132, 14, 7438, 575, 703, 1854, 199, 39, 1724, 1352, 1.28, 1.12, 0.764, 0.165, '2019-07-24 08:04:39', 98, 61, 12, 4, 0, 66),
(1513, 'erkaSt', '11141/erkaSt', 1.17, NULL, 0.78, 0.15, 0.10, 0.10, 0.503, 615, 0.66, NULL, 0, 12213, 10315, 1.18, 83.60, 4.60, 15723, 8004, 7719, 4880, 2224, 729, 157, 14, 8599, 177, 1217, 2044, 154, 38, 1627, 1384, 1.18, 1.04, 0.757, 0.139, '2019-07-24 08:04:45', 124, 55, 15, 3, 0, 69),
(1514, 'malta', '11485/malta', 1.09, NULL, 0.71, 0.15, 0.09, 0.08, 0.388, 636, 0.64, NULL, 0, 11511, 10396, 1.11, 79.30, 2.90, 16192, 7729, 8463, 4861, 2100, 634, 122, 12, 8262, 261, 956, 1914, 111, 35, 1639, 1538, 1.07, 1.01, 0.760, 0.134, '2019-07-24 08:04:50', 103, 66, 11, 0, 0, 55),
(1515, 'DickStacy', '12876/DickStacy', 1.14, NULL, 0.68, 0.15, 0.11, 0.09, 0.494, 533, 0.65, NULL, 0, 9127, 8738, 1.04, 74.30, 4.30, 13439, 6181, 7258, 3935, 1664, 473, 100, 9, 6476, 42, 804, 1656, 132, 24, 1354, 1377, 0.98, 1.00, 0.764, 0.135, '2019-07-24 08:04:56', 87, 45, 14, 1, 0, 36),
(1516, 'bLazE', '13557/bLazE', 0.97, NULL, 0.65, 0.15, 0.10, 0.11, 0.553, 50, 0.71, NULL, 0, 834, 909, 0.92, 73.90, 3.70, 1279, 559, 720, 355, 142, 54, 7, 1, 570, 16, 68, 165, 8, 10, 88, 130, 0.68, 0.84, 0.693, 0.096, '2019-07-24 08:05:00', 13, 5, 0, 0, 0, 5),
(1517, 'rAid', '16282/rAid', 0.86, NULL, 0.54, 0.12, 0.12, 0.07, 0.434, 26, 0.70, NULL, 0, 364, 469, 0.78, 61.10, 2.30, 673, 258, 415, 171, 71, 13, 3, 0, 283, 0, 29, 51, 1, 0, 45, 80, 0.56, 0.80, 0.733, 0.096, '2019-07-24 08:05:04', 2, 2, 1, 0, 0, 3),
(1518, 'Dweezil', '16294/Dweezil', 0.90, NULL, 0.59, 0.10, 0.11, 0.07, 0.328, 36, 0.66, NULL, 0, 540, 603, 0.90, 63.80, 4.10, 912, 380, 532, 254, 95, 28, 3, 0, 173, 209, 54, 89, 11, 4, 88, 100, 0.88, 0.97, 0.795, 0.145, '2019-07-24 08:05:08', 11, 2, 1, 1, 0, 6),
(1519, 'MisteM', '16811/MisteM', 1.33, NULL, 0.82, 0.12, 0.08, 0.11, 0.484, 48, 0.68, NULL, 0, 986, 809, 1.22, 85.90, 2.40, 1198, 622, 576, 354, 192, 57, 18, 1, 678, 91, 42, 168, 4, 3, 151, 133, 1.14, 1.11, 0.748, 0.186, '2019-07-24 08:05:13', 10, 11, 1, 1, 0, 6),
(1520, 'adM', '17904/adM', 1.22, NULL, 0.81, 0.14, 0.07, 0.11, 0.415, 27, 0.70, NULL, 0, 562, 485, 1.16, 87.10, 4.00, 695, 367, 328, 227, 96, 35, 7, 2, 254, 167, 16, 122, 3, 0, 85, 65, 1.31, 1.12, 0.824, 0.201, '2019-07-24 08:05:17', 2, 5, 0, 0, 0, 0),
(1521, 'zeff', '4637/zeff', 1.07, 1.00, 0.69, 0.17, 0.13, 0.11, 0.420, 466, 0.68, NULL, 0, 8149, 8023, 1.02, 78.20, 4.90, 11824, 5516, 6308, 3538, 1419, 476, 70, 13, 5533, 498, 667, 1316, 124, 28, 1476, 1451, 1.02, 1.09, 0.770, 0.176, '2019-07-24 08:05:24', 70, 31, 5, 0, 0, 38),
(1522, 'XigN', '9172/XigN', 1.14, 1.17, 0.80, 0.13, 0.09, 0.11, 0.509, 534, 0.65, NULL, 0, 10945, 8904, 1.23, 84.30, 2.50, 13662, 7072, 6590, 4233, 1981, 699, 142, 17, 7798, 337, 792, 1917, 80, 34, 1661, 1425, 1.17, 1.10, 0.723, 0.162, '2019-07-24 08:05:29', 143, 61, 23, 5, 0, 64),
(1523, 'HSK', '9174/HSK', 1.08, 1.05, 0.70, 0.14, 0.12, 0.11, 0.308, 524, 0.63, NULL, 0, 9443, 8532, 1.11, 75.50, 4.50, 13446, 6484, 6962, 4213, 1679, 504, 81, 7, 3652, 3309, 456, 1869, 152, 32, 1447, 1018, 1.42, 1.08, 0.769, 0.156, '2019-07-24 08:05:35', 103, 53, 10, 1, 0, 77),
(1524, 'xeta', '11188/xeta', 1.25, NULL, 0.75, 0.14, 0.11, 0.13, 0.411, 292, 0.62, NULL, 0, 5475, 4577, 1.20, 81.20, 3.80, 7331, 3625, 3706, 2250, 989, 307, 69, 10, 2776, 1411, 195, 1022, 67, 20, 878, 576, 1.52, 1.13, 0.746, 0.167, '2019-07-24 08:05:40', 78, 30, 6, 3, 1, 34),
(1525, 'stax', '12314/stax', 1.20, NULL, 0.71, 0.11, 0.11, 0.12, 0.492, 202, 0.64, NULL, 0, 3621, 3280, 1.10, 73.30, 2.50, 5120, 2470, 2650, 1580, 668, 185, 35, 2, 2398, 220, 267, 676, 21, 49, 448, 409, 1.10, 0.97, 0.730, 0.121, '2019-07-24 08:05:44', 43, 20, 5, 0, 0, 24),
(1526, 'Olivia', '10664/Olivia', 1.19, NULL, 0.76, 0.12, 0.08, 0.09, 0.392, 384, 0.67, NULL, 0, 7307, 6457, 1.13, 79.50, 2.60, 9647, 4833, 4814, 2963, 1354, 432, 80, 4, 4216, 1398, 327, 1293, 61, 21, 1174, 896, 1.31, 1.12, 0.739, 0.172, '2019-07-24 08:05:49', 77, 42, 4, 0, 0, 41),
(1527, 'MAIROLLS', '10666/MAIROLLS', 1.11, NULL, 0.67, 0.14, 0.10, 0.09, 0.476, 245, 0.69, NULL, 0, 4172, 4305, 0.97, 74.00, 3.30, 6249, 2870, 3379, 1878, 724, 227, 40, 1, 3013, 102, 253, 742, 49, 20, 583, 640, 0.91, 0.96, 0.751, 0.138, '2019-07-24 08:05:54', 36, 14, 7, 0, 0, 28),
(1528, 'Kntz', '10705/Kntz', 1.05, NULL, 0.70, 0.12, 0.09, 0.11, 0.459, 223, 0.65, NULL, 0, 3954, 3676, 1.08, 74.70, 2.70, 5622, 2714, 2908, 1751, 728, 199, 30, 6, 2951, 28, 215, 730, 31, 8, 442, 389, 1.14, 0.94, 0.713, 0.109, '2019-07-24 08:05:59', 57, 16, 5, 1, 0, 37),
(1529, 'SeveN89', '12547/SeveN89', 0.94, NULL, 0.65, 0.16, 0.10, 0.11, 0.423, 124, 0.70, NULL, 0, 2038, 2175, 0.94, 75.10, 3.50, 3114, 1412, 1702, 935, 344, 117, 16, 0, 1433, 22, 174, 387, 25, 2, 287, 332, 0.86, 0.95, 0.742, 0.134, '2019-07-24 08:06:03', 22, 11, 2, 0, 0, 19),
(1530, 'foxz', '14577/foxz', 0.98, NULL, 0.64, 0.14, 0.09, 0.09, 0.482, 102, 0.69, NULL, 0, 1644, 1797, 0.91, 71.70, 4.50, 2588, 1139, 1449, 752, 286, 84, 17, 0, 1146, 21, 169, 273, 30, 7, 240, 327, 0.73, 0.92, 0.712, 0.131, '2019-07-24 08:06:07', 20, 8, 2, 0, 0, 17),
(1861, 'Savage', '180/Savage', 1.13, 1.09, 0.74, 0.13, 0.09, 0.09, 0.366, 751, 0.64, NULL, 0, 14142, 12237, 1.16, 78.70, 5.50, 19204, 9479, 9725, 5905, 2655, 765, 138, 16, 5326, 4003, 1512, 2667, 219, 442, 2296, 1887, 1.22, 1.10, 0.768, 0.166, '2019-07-24 09:15:10', 164, 106, 26, 4, 0, 103),
(1862, 'bottle', '10168/bottle', 1.15, 1.08, 0.75, 0.14, 0.11, 0.11, 0.561, 508, 0.68, NULL, 0, 9604, 8709, 1.10, 80.70, 3.40, 12866, 6378, 6488, 3993, 1696, 548, 130, 11, 7029, 74, 672, 1726, 101, 17, 1254, 1173, 1.07, 1.00, 0.705, 0.131, '2019-07-24 09:15:15', 115, 55, 17, 0, 1, 82),
(1863, 'xiaosaGe', '11574/xiaosaGe', 1.12, NULL, 0.71, 0.16, 0.11, 0.10, 0.474, 539, 0.70, NULL, 0, 9969, 9829, 1.01, 80.10, 5.30, 14105, 6739, 7366, 4262, 1850, 512, 104, 11, 6695, 489, 766, 1826, 172, 38, 1499, 1408, 1.06, 1.03, 0.751, 0.153, '2019-07-24 09:15:21', 113, 47, 11, 1, 0, 75),
(1864, 'shuadapai', '11576/shuadapai', 1.14, NULL, 0.71, 0.14, 0.11, 0.11, 0.520, 419, 0.66, NULL, 0, 7717, 7123, 1.08, 77.70, 3.50, 10851, 5199, 5652, 3299, 1388, 416, 86, 10, 5861, 89, 342, 1375, 63, 8, 918, 856, 1.07, 0.96, 0.734, 0.118, '2019-07-24 09:15:26', 95, 45, 10, 3, 0, 62),
(1865, 'Viva', '15419/Viva', 1.18, NULL, 0.66, 0.12, 0.10, 0.11, 0.481, 246, 0.63, NULL, 0, 4227, 4068, 1.04, 71.10, 3.20, 6428, 2896, 3532, 1888, 739, 223, 38, 8, 2182, 962, 299, 734, 52, 7, 686, 605, 1.13, 1.04, 0.719, 0.149, '2019-07-24 09:15:30', 58, 27, 8, 0, 0, 41),
(1866, 'ap0c', '2007/ap0c', 1.14, 1.02, 0.72, 0.15, 0.10, 0.09, 0.491, 470, 0.70, NULL, 0, 8617, 8380, 1.03, 77.60, 5.10, 12029, 5780, 6249, 3629, 1583, 462, 94, 12, 5714, 374, 702, 1596, 162, 18, 1249, 1321, 0.95, 1.00, 0.742, 0.147, '2019-07-24 09:15:35', 63, 34, 14, 1, 1, 67),
(1867, 'soju_j', '12590/soju_j', 0.97, NULL, 0.64, 0.14, 0.11, 0.10, 0.398, 289, 0.68, NULL, 0, 4724, 5058, 0.93, 72.00, 4.20, 7393, 3257, 4136, 2132, 836, 238, 49, 2, 3391, 17, 432, 819, 70, 17, 664, 779, 0.85, 0.94, 0.691, 0.125, '2019-07-24 09:15:40', 52, 16, 4, 0, 0, 40),
(1868, 'sterling', '12591/sterling', 1.21, NULL, 0.77, 0.09, 0.08, 0.10, 0.305, 343, 0.59, NULL, 0, 6795, 5248, 1.29, 76.60, 3.50, 8839, 4560, 4279, 2853, 1260, 376, 61, 10, 1944, 3331, 261, 1176, 71, 17, 914, 525, 1.74, 1.08, 0.751, 0.147, '2019-07-24 09:15:45', 95, 45, 8, 2, 0, 83),
(1869, 'J1rah', '12593/J1rah', 1.01, NULL, 0.70, 0.11, 0.09, 0.08, 0.456, 312, 0.68, NULL, 0, 5608, 5483, 1.02, 74.90, 3.30, 8065, 3772, 4293, 2382, 1007, 324, 55, 4, 3661, 653, 348, 864, 49, 40, 882, 942, 0.94, 1.02, 0.736, 0.159, '2019-07-24 09:15:50', 72, 18, 12, 2, 0, 33),
(1870, 'HaZR', '14294/HaZR', 1.12, NULL, 0.74, 0.14, 0.11, 0.11, 0.547, 266, 0.71, NULL, 0, 5079, 4864, 1.04, 81.10, 3.50, 6835, 3327, 3508, 2050, 894, 303, 68, 12, 3767, 58, 302, 900, 54, 8, 763, 776, 0.98, 1.04, 0.718, 0.163, '2019-07-24 09:15:54', 28, 17, 5, 0, 0, 25),
(1871, 'Summer', '7028/Summer', 1.14, 1.11, 0.75, 0.14, 0.10, 0.10, 0.484, 795, 0.64, NULL, 0, 15313, 13079, 1.17, 82.20, 5.30, 20283, 10202, 10081, 6373, 2769, 865, 170, 25, 9263, 1847, 1175, 2786, 211, 57, 2178, 1715, 1.27, 1.06, 0.773, 0.149, '2019-07-24 09:16:03', 215, 100, 23, 4, 0, 87),
(1872, 'BnTeT', '7131/BnTeT', 1.18, 1.21, 0.80, 0.15, 0.10, 0.13, 0.388, 582, 0.61, NULL, 0, 12039, 9190, 1.31, 86.00, 4.60, 14984, 7792, 7192, 4703, 2150, 745, 169, 25, 8619, 505, 746, 2022, 164, 18, 1296, 977, 1.33, 0.99, 0.776, 0.123, '2019-07-24 09:16:09', 177, 84, 28, 12, 0, 89),
(1873, 'AttackeR', '8552/AttackeR', 1.07, 1.11, 0.77, 0.14, 0.11, 0.12, 0.460, 788, 0.67, NULL, 0, 15519, 13428, 1.16, 81.40, 1.90, 20061, 10357, 9704, 6465, 2813, 904, 159, 16, 11871, 199, 670, 2640, 89, 87, 1968, 1757, 1.12, 1.01, 0.761, 0.134, '2019-07-24 09:16:15', 182, 82, 26, 5, 0, 86),
(1874, 'somebody', '8605/somebody', 1.12, 1.07, 0.74, 0.14, 0.11, 0.10, 0.452, 828, 0.67, NULL, 0, 15667, 14237, 1.10, 80.40, 3.20, 21314, 10443, 10871, 6549, 2792, 897, 184, 21, 9972, 1082, 1586, 2805, 124, 127, 2489, 2410, 1.03, 1.06, 0.765, 0.159, '2019-07-24 09:16:22', 164, 91, 20, 4, 1, 103),
(1875, 'Freeman', '10774/Freeman', 1.05, NULL, 0.80, 0.13, 0.09, 0.12, 0.501, 526, 0.64, NULL, 0, 10656, 8540, 1.25, 83.40, 3.00, 13337, 6867, 6470, 4079, 1961, 671, 138, 18, 7501, 473, 538, 2028, 104, 30, 1287, 1104, 1.17, 1.01, 0.752, 0.133, '2019-07-24 09:16:27', 137, 76, 22, 2, 0, 60),
(1876, 'Zerocool', '5199/Zerocool', 0.93, 0.93, 0.64, 0.14, 0.08, 0.08, 0.380, 113, 0.70, NULL, 0, 1922, 2100, 0.92, 72.60, 4.40, 2984, 1324, 1660, 869, 333, 101, 21, 0, 944, 279, 167, 470, 25, 42, 231, 260, 0.89, 0.91, 0.784, 0.121, '2019-07-24 09:16:32', 30, 15, 3, 1, 0, 24),
(1877, 'Jabz', '13614/Jabz', 1.00, NULL, 0.76, 0.13, 0.11, 0.13, 0.593, 64, 0.66, NULL, 0, 1281, 1106, 1.16, 80.00, 3.50, 1684, 848, 836, 518, 242, 74, 13, 1, 973, 3, 39, 251, 17, 4, 134, 130, 1.03, 0.94, 0.672, 0.100, '2019-07-24 09:16:36', 13, 12, 5, 2, 0, 6),
(1878, 'BlackEagle', '13633/BlackEagle', 1.08, NULL, 0.75, 0.13, 0.10, 0.11, 0.472, 40, 0.72, NULL, 0, 807, 778, 1.04, 80.40, 2.30, 1080, 531, 549, 326, 144, 52, 8, 1, 508, 98, 43, 153, 6, 1, 130, 124, 1.05, 1.08, 0.662, 0.167, '2019-07-24 09:16:41', 8, 6, 4, 1, 0, 5),
(1879, 'juanflatroo', '17147/juanflatroo', 1.25, NULL, 0.86, 0.12, 0.08, 0.09, 0.607, 31, 0.75, NULL, 0, 736, 640, 1.15, 90.00, 3.90, 856, 484, 372, 293, 135, 51, 5, 0, 511, 48, 23, 146, 7, 1, 124, 107, 1.16, 1.18, 0.726, 0.203, '2019-07-24 09:16:45', 5, 1, 0, 0, 0, 7),
(1880, 'sinnopsyy', '18120/sinnopsyy', 1.05, NULL, 0.70, 0.14, 0.10, 0.07, 0.550, 24, 0.69, NULL, 0, 473, 469, 1.01, 77.90, 6.00, 680, 315, 365, 197, 83, 30, 5, 0, 321, 38, 17, 88, 8, 2, 75, 72, 1.04, 1.04, 0.707, 0.148, '2019-07-24 09:16:49', 6, 2, 0, 0, 0, 2),
(2031, 'Olivia', '10664/Olivia', 1.19, NULL, 0.76, 0.12, 0.08, 0.09, 0.391, 385, 0.67, NULL, 0, 7328, 6473, 1.13, 79.50, 2.60, 9673, 4845, 4828, 2970, 1356, 434, 81, 4, 4222, 1410, 329, 1294, 61, 21, 1177, 897, 1.31, 1.12, 0.739, 0.172, '2019-07-24 10:30:07', 77, 42, 4, 0, 0, 41),
(2032, 'MAIROLLS', '10666/MAIROLLS', 1.12, NULL, 0.67, 0.14, 0.10, 0.09, 0.477, 246, 0.69, NULL, 0, 4191, 4319, 0.97, 74.00, 3.30, 6275, 2882, 3393, 1885, 727, 229, 40, 1, 3026, 102, 254, 747, 49, 20, 586, 643, 0.91, 0.96, 0.751, 0.138, '2019-07-24 10:30:12', 36, 14, 7, 0, 0, 28),
(2033, 'Kntz', '10705/Kntz', 1.05, NULL, 0.70, 0.12, 0.09, 0.11, 0.459, 224, 0.65, NULL, 0, 3971, 3684, 1.08, 74.60, 2.70, 5648, 2727, 2921, 1761, 730, 200, 30, 6, 2967, 28, 215, 731, 31, 8, 444, 389, 1.14, 0.94, 0.712, 0.108, '2019-07-24 10:30:16', 57, 16, 5, 1, 0, 38),
(2034, 'SeveN89', '12547/SeveN89', 0.95, NULL, 0.65, 0.16, 0.10, 0.11, 0.424, 125, 0.70, NULL, 0, 2056, 2189, 0.94, 75.10, 3.50, 3140, 1425, 1715, 943, 349, 117, 16, 0, 1449, 22, 174, 389, 25, 2, 291, 334, 0.87, 0.95, 0.742, 0.134, '2019-07-24 10:30:21', 22, 11, 2, 0, 0, 19),
(2035, 'foxz', '14577/foxz', 1.00, NULL, 0.64, 0.14, 0.09, 0.09, 0.481, 103, 0.69, NULL, 0, 1670, 1811, 0.92, 72.00, 4.60, 2614, 1154, 1460, 759, 291, 87, 17, 0, 1165, 21, 169, 279, 31, 7, 246, 329, 0.75, 0.93, 0.720, 0.134, '2019-07-24 10:30:25', 20, 8, 2, 0, 0, 17),
(2036, 'Summer', '7028/Summer', 1.14, 1.11, 0.75, 0.14, 0.09, 0.10, 0.484, 796, 0.64, NULL, 0, 15328, 13088, 1.17, 82.20, 5.30, 20307, 10214, 10093, 6382, 2772, 865, 170, 25, 9271, 1850, 1177, 2787, 212, 57, 2179, 1717, 1.27, 1.06, 0.773, 0.149, '2019-07-24 10:30:31', 215, 101, 23, 4, 0, 87),
(2037, 'BnTeT', '7131/BnTeT', 1.19, 1.21, 0.80, 0.15, 0.10, 0.13, 0.388, 583, 0.61, NULL, 0, 12060, 9203, 1.31, 86.10, 4.60, 15008, 7807, 7201, 4714, 2152, 747, 169, 25, 8637, 505, 747, 2024, 164, 18, 1299, 978, 1.33, 0.99, 0.776, 0.123, '2019-07-24 10:30:38', 177, 84, 28, 12, 0, 89),
(2038, 'AttackeR', '8552/AttackeR', 1.07, 1.11, 0.77, 0.14, 0.11, 0.12, 0.460, 789, 0.67, NULL, 0, 15538, 13444, 1.16, 81.40, 1.90, 20085, 10370, 9715, 6472, 2819, 904, 159, 16, 11884, 199, 672, 2643, 90, 87, 1972, 1759, 1.12, 1.01, 0.762, 0.134, '2019-07-24 10:30:44', 182, 82, 26, 5, 0, 86),
(2039, 'somebody', '8605/somebody', 1.13, 1.07, 0.74, 0.14, 0.11, 0.10, 0.452, 829, 0.67, NULL, 0, 15691, 14249, 1.10, 80.40, 3.20, 21338, 10460, 10878, 6562, 2793, 900, 184, 21, 9985, 1085, 1588, 2811, 124, 127, 2493, 2411, 1.03, 1.06, 0.765, 0.159, '2019-07-24 10:30:50', 165, 91, 20, 4, 1, 103),
(2040, 'Freeman', '10774/Freeman', 1.09, NULL, 0.80, 0.13, 0.09, 0.12, 0.501, 527, 0.64, NULL, 0, 10677, 8550, 1.25, 83.40, 3.00, 13361, 6882, 6479, 4089, 1965, 672, 138, 18, 7517, 474, 539, 2031, 104, 30, 1291, 1106, 1.17, 1.01, 0.753, 0.134, '2019-07-24 10:30:55', 137, 76, 22, 2, 0, 60),
(2261, 'chopper', '7716/chopper', 1.01, 0.98, 0.68, 0.13, 0.10, 0.09, 0.560, 470, 0.69, NULL, 0, 8508, 8584, 0.99, 74.30, 3.80, 12516, 5788, 6728, 3706, 1543, 448, 84, 7, 6031, 81, 761, 1520, 110, 26, 1253, 1318, 0.95, 0.99, 0.693, 0.141, '2019-07-25 14:54:58', 87, 54, 8, 3, 1, 71),
(2262, 'S0tF1k', '9081/S0tF1k', 0.91, 0.95, 0.65, 0.14, 0.10, 0.09, 0.475, 956, 0.69, NULL, 0, 16264, 17245, 0.94, 73.30, 4.80, 24996, 11181, 13815, 7266, 2929, 823, 144, 19, 10981, 1066, 1357, 2515, 246, 128, 2410, 2633, 0.92, 0.97, 0.740, 0.139, '2019-07-25 14:55:04', 176, 75, 23, 1, 1, 114),
(2263, 'COLDYY1', '9083/COLDYY1', 1.10, 1.06, 0.72, 0.13, 0.09, 0.11, 0.553, 923, 0.65, NULL, 0, 17454, 15745, 1.11, 77.70, 3.90, 24264, 11779, 12485, 7443, 3202, 952, 160, 22, 12728, 544, 694, 3221, 231, 77, 2225, 1962, 1.13, 0.99, 0.727, 0.129, '2019-07-25 14:55:11', 219, 103, 22, 0, 0, 137),
(2264, 'somedieyoung', '12731/somedieyoung', 1.16, NULL, 0.73, 0.13, 0.10, 0.12, 0.514, 440, 0.64, NULL, 0, 8429, 7397, 1.14, 80.20, 3.90, 11488, 5578, 5910, 3466, 1490, 514, 99, 9, 5877, 224, 668, 1501, 75, 108, 989, 980, 1.01, 0.95, 0.734, 0.123, '2019-07-25 14:55:17', 105, 54, 23, 0, 0, 50),
(2265, 'iDISBALANCE', '14273/iDISBALANCE', 1.03, NULL, 0.73, 0.11, 0.09, 0.09, 0.299, 205, 0.68, NULL, 0, 3952, 3670, 1.08, 76.40, 2.10, 5430, 2667, 2763, 1709, 690, 216, 45, 7, 1312, 1851, 86, 671, 21, 16, 766, 541, 1.42, 1.21, 0.742, 0.214, '2019-07-25 14:55:22', 42, 13, 5, 1, 0, 29),
(2266, 'ROBO', '3410/ROBO', 1.08, 1.03, 0.70, 0.11, 0.09, 0.10, 0.462, 614, 0.66, NULL, 0, 11448, 10739, 1.07, 74.90, 2.70, 16298, 7892, 8406, 5174, 2017, 582, 102, 17, 6314, 2487, 575, 1983, 91, 16, 1753, 1432, 1.22, 1.06, 0.718, 0.155, '2019-07-25 14:55:28', 114, 48, 14, 4, 0, 79),
(2267, 'mds', '11926/mds', 1.08, NULL, 0.70, 0.11, 0.09, 0.10, 0.526, 534, 0.67, NULL, 0, 9957, 9539, 1.04, 74.90, 2.50, 14198, 6780, 7418, 4347, 1801, 526, 100, 6, 7135, 275, 785, 1683, 81, 14, 1405, 1320, 1.06, 1.01, 0.720, 0.143, '2019-07-25 14:55:33', 104, 47, 10, 1, 0, 64),
(2268, 'Jyo', '12269/Jyo', 1.12, NULL, 0.71, 0.14, 0.09, 0.10, 0.406, 402, 0.65, NULL, 0, 7534, 6986, 1.08, 77.70, 4.60, 10666, 5130, 5536, 3320, 1315, 408, 75, 12, 4812, 762, 521, 1298, 99, 61, 1142, 1105, 1.03, 1.03, 0.701, 0.146, '2019-07-25 14:55:39', 64, 37, 15, 0, 0, 50),
(2269, 'boX', '13976/boX', 1.02, NULL, 0.65, 0.16, 0.10, 0.09, 0.394, 472, 0.69, NULL, 0, 8060, 8576, 0.94, 74.20, 5.60, 12418, 5557, 6861, 3641, 1421, 409, 80, 6, 4612, 1342, 566, 1356, 145, 51, 1555, 1645, 0.95, 1.07, 0.740, 0.182, '2019-07-25 14:55:43', 82, 42, 11, 2, 0, 58),
(2270, 'lollipop21k', '13980/lollipop21k', 1.18, NULL, 0.76, 0.13, 0.09, 0.10, 0.465, 461, 0.68, NULL, 0, 9350, 8367, 1.12, 82.90, 3.20, 12243, 6153, 6090, 3796, 1668, 555, 117, 17, 6873, 157, 631, 1586, 83, 32, 1209, 993, 1.22, 1.03, 0.698, 0.136, '2019-07-25 14:55:49', 78, 50, 15, 4, 0, 74),
(2301, 't0rick', '9382/t0rick', 0.91, 0.94, 0.66, 0.13, 0.09, 0.08, 0.453, 271, 0.69, NULL, 0, 4650, 4931, 0.94, 73.20, 2.90, 7097, 3242, 3855, 2159, 803, 237, 41, 2, 3536, 72, 290, 727, 27, 10, 663, 802, 0.83, 0.95, 0.704, 0.135, '2019-07-25 14:59:07', 43, 26, 6, 5, 0, 38),
(2302, 'Ramz1k', '11842/Ramz1k', 1.11, NULL, 0.76, 0.10, 0.07, 0.09, 0.351, 313, 0.69, NULL, 0, 6177, 5643, 1.09, 78.10, 1.70, 8177, 4091, 4086, 2523, 1131, 361, 71, 5, 2141, 2553, 219, 1214, 44, 10, 1169, 957, 1.22, 1.19, 0.747, 0.214, '2019-07-25 14:59:12', 56, 39, 5, 1, 0, 38),
(2303, 'neaLaN', '11940/neaLaN', 1.00, NULL, 0.68, 0.14, 0.10, 0.09, 0.554, 275, 0.73, NULL, 0, 4912, 5280, 0.93, 76.50, 3.30, 7273, 3410, 3863, 2250, 872, 238, 46, 4, 3485, 99, 340, 933, 34, 25, 800, 879, 0.91, 1.02, 0.701, 0.154, '2019-07-25 14:59:16', 28, 18, 3, 0, 0, 39),
(2304, 'Keoz', '15117/Keoz', 0.95, NULL, 0.66, 0.11, 0.11, 0.10, 0.473, 69, 0.70, NULL, 0, 1186, 1243, 0.95, 72.10, 3.90, 1787, 815, 972, 540, 199, 57, 18, 1, 657, 255, 60, 194, 18, 3, 202, 201, 1.00, 1.04, 0.658, 0.157, '2019-07-25 14:59:20', 15, 4, 1, 1, 0, 5),
(2305, 'Perfecto', '16947/Perfecto', 1.10, NULL, 0.68, 0.12, 0.09, 0.10, 0.459, 135, 0.62, NULL, 0, 2383, 2195, 1.09, 75.40, 4.00, 3518, 1652, 1866, 1084, 431, 112, 24, 1, 1676, 102, 167, 401, 32, 7, 233, 192, 1.21, 0.91, 0.712, 0.093, '2019-07-25 14:59:25', 28, 20, 6, 1, 0, 18),
(2306, 'uNdo', '7943/uNdo', 0.92, 0.95, 0.64, 0.12, 0.08, 0.09, 0.545, 414, 0.67, NULL, 0, 6951, 7291, 0.95, 70.20, 2.80, 10826, 4857, 5969, 3245, 1217, 315, 74, 6, 5175, 40, 380, 1279, 71, 15, 802, 902, 0.89, 0.90, 0.675, 0.103, '2019-07-25 14:59:30', 101, 41, 11, 3, 0, 48),
(2307, 'FANAT%20ROCKA', '9008/FANAT%20ROCKA', 1.06, 1.02, 0.68, 0.11, 0.08, 0.09, 0.272, 453, 0.64, NULL, 0, 8073, 7618, 1.06, 71.90, 2.80, 11835, 5494, 6341, 3538, 1442, 417, 87, 10, 1631, 4459, 174, 1695, 100, 32, 1386, 1089, 1.27, 1.10, 0.745, 0.179, '2019-07-25 14:59:36', 91, 61, 15, 3, 0, 79),
(2308, 'fenvicious', '10590/fenvicious', 1.11, 1.01, 0.70, 0.12, 0.09, 0.10, 0.521, 531, 0.69, NULL, 0, 9777, 9548, 1.02, 77.20, 2.50, 13871, 6621, 7250, 4227, 1755, 526, 103, 10, 6978, 317, 719, 1693, 76, 7, 1321, 1292, 1.02, 0.99, 0.699, 0.137, '2019-07-25 14:59:42', 107, 54, 17, 1, 1, 66),
(2309, 'PASHANOJ', '13779/PASHANOJ', 0.93, NULL, 0.62, 0.13, 0.10, 0.08, 0.535, 306, 0.73, NULL, 0, 4944, 5789, 0.85, 72.30, 4.40, 7929, 3439, 4490, 2284, 855, 255, 40, 5, 3349, 55, 614, 856, 49, 30, 839, 1107, 0.76, 0.96, 0.721, 0.158, '2019-07-25 14:59:46', 38, 19, 4, 1, 0, 32),
(2310, 'R0b3n', '14205/R0b3n', 1.02, NULL, 0.73, 0.13, 0.09, 0.11, 0.492, 253, 0.65, NULL, 0, 4841, 4334, 1.12, 78.50, 2.70, 6626, 3257, 3369, 2060, 867, 277, 49, 4, 3443, 231, 228, 881, 39, 30, 551, 576, 0.96, 0.94, 0.719, 0.120, '2019-07-25 14:59:51', 62, 35, 4, 0, 0, 42),
(2481, 'Flash_1', '12241/Flash_1', 1.00, NULL, 0.63, 0.15, 0.10, 0.10, 0.508, 66, 0.70, NULL, 0, 1080, 1198, 0.90, 73.60, 5.60, 1714, 760, 954, 515, 180, 55, 10, 0, 731, 52, 75, 211, 15, 0, 145, 172, 0.84, 0.92, 0.724, 0.131, '2019-07-25 17:25:02', 11, 6, 1, 0, 0, 7),
(2482, 'minse', '12746/minse', 1.06, NULL, 0.66, 0.13, 0.09, 0.10, 0.437, 82, 0.69, NULL, 0, 1390, 1452, 0.96, 74.40, 2.20, 2107, 954, 1153, 619, 252, 67, 14, 2, 945, 51, 80, 310, 5, 3, 175, 171, 1.02, 0.95, 0.726, 0.139, '2019-07-25 17:25:07', 14, 9, 2, 0, 0, 10),
(2483, 'ProbLeM', '16870/ProbLeM', 1.15, NULL, 0.73, 0.15, 0.10, 0.12, 0.478, 28, 0.66, NULL, 0, 556, 500, 1.11, 79.90, 5.00, 758, 369, 389, 230, 97, 36, 6, 0, 380, 23, 59, 84, 7, 3, 77, 61, 1.26, 1.04, 0.688, 0.148, '2019-07-25 17:25:11', 5, 5, 2, 0, 0, 5),
(2484, 'Gospadarov', '16871/Gospadarov', 1.15, NULL, 0.69, 0.10, 0.10, 0.11, 0.325, 64, 0.64, NULL, 0, 1177, 1095, 1.07, 70.10, 1.40, 1698, 788, 910, 505, 198, 66, 17, 2, 246, 627, 59, 237, 10, 5, 208, 185, 1.12, 1.10, 0.688, 0.178, '2019-07-25 17:25:16', 16, 10, 0, 0, 0, 14),
(2485, 'JACKPOT', '17575/JACKPOT', 0.96, NULL, 0.60, 0.12, 0.12, 0.10, 0.594, 38, 0.68, NULL, 0, 594, 673, 0.88, 66.10, 5.40, 987, 430, 557, 300, 102, 24, 2, 2, 428, 6, 32, 106, 20, 6, 73, 98, 0.74, 0.87, 0.658, 0.102, '2019-07-25 17:25:20', 7, 0, 1, 1, 0, 8),
(2486, 'chopper', '7716/chopper', 1.02, 0.99, 0.68, 0.13, 0.10, 0.09, 0.560, 472, 0.69, NULL, 0, 8548, 8617, 0.99, 74.30, 3.80, 12569, 5813, 6756, 3720, 1551, 450, 85, 7, 6058, 81, 763, 1531, 110, 26, 1260, 1322, 0.95, 0.99, 0.690, 0.140, '2019-07-25 17:25:26', 88, 54, 8, 3, 1, 72),
(2487, 'S0tF1k', '9081/S0tF1k', 0.91, 0.95, 0.65, 0.14, 0.10, 0.09, 0.475, 958, 0.69, NULL, 0, 16288, 17283, 0.94, 73.30, 4.80, 25049, 11197, 13852, 7276, 2933, 825, 144, 19, 11001, 1066, 1360, 2517, 246, 128, 2414, 2640, 0.91, 0.97, 0.740, 0.139, '2019-07-25 17:25:33', 176, 75, 23, 1, 1, 114),
(2488, 'COLDYY1', '9083/COLDYY1', 1.11, 1.06, 0.72, 0.13, 0.09, 0.11, 0.553, 925, 0.65, NULL, 0, 17504, 15772, 1.11, 77.70, 3.90, 24317, 11812, 12505, 7465, 3208, 956, 161, 22, 12761, 551, 694, 3231, 231, 77, 2233, 1964, 1.14, 0.99, 0.728, 0.130, '2019-07-25 17:25:40', 219, 105, 22, 0, 0, 137),
(2489, 'somedieyoung', '12731/somedieyoung', 1.15, NULL, 0.73, 0.13, 0.10, 0.12, 0.514, 442, 0.64, NULL, 0, 8465, 7434, 1.14, 80.20, 3.90, 11541, 5603, 5938, 3482, 1498, 514, 100, 9, 5898, 224, 673, 1508, 76, 110, 995, 983, 1.01, 0.96, 0.735, 0.124, '2019-07-25 17:25:45', 106, 54, 23, 0, 0, 50),
(2490, 'iDISBALANCE', '14273/iDISBALANCE', 1.05, NULL, 0.73, 0.11, 0.09, 0.09, 0.298, 207, 0.68, NULL, 0, 4001, 3705, 1.08, 76.60, 2.10, 5483, 2703, 2780, 1734, 699, 218, 45, 7, 1323, 1882, 87, 677, 21, 16, 777, 542, 1.43, 1.21, 0.740, 0.214, '2019-07-25 17:25:50', 42, 13, 5, 1, 0, 30),
(2681, 'interz', '15071/interz', 1.06, NULL, 0.65, 0.10, 0.11, 0.13, 0.509, 71, 0.64, NULL, 0, 1217, 1186, 1.03, 67.30, 2.50, 1863, 842, 1021, 554, 217, 57, 12, 2, 805, 100, 71, 229, 12, 2, 128, 147, 0.87, 0.88, 0.758, 0.106, '2019-07-25 17:59:32', 9, 10, 3, 1, 0, 6),
(2682, 'supra', '16415/supra', 1.14, NULL, 0.66, 0.15, 0.12, 0.10, 0.507, 41, 0.71, NULL, 0, 687, 743, 0.92, 73.70, 4.80, 1047, 461, 586, 302, 110, 31, 18, 0, 473, 18, 62, 121, 11, 4, 108, 114, 0.95, 1.00, 0.722, 0.150, '2019-07-25 17:59:37', 5, 2, 0, 0, 0, 2),
(2683, 'Ax1Le', '16555/Ax1Le', 1.04, NULL, 0.71, 0.12, 0.10, 0.11, 0.446, 151, 0.67, NULL, 0, 2801, 2620, 1.07, 76.20, 2.70, 3922, 1881, 2041, 1191, 498, 159, 28, 5, 1807, 268, 175, 520, 32, 6, 379, 342, 1.11, 1.00, 0.736, 0.144, '2019-07-25 17:59:41', 39, 10, 4, 0, 0, 17),
(2684, 'sh1ro', '16920/sh1ro', 1.24, NULL, 0.78, 0.11, 0.09, 0.12, 0.271, 88, 0.61, NULL, 0, 1770, 1396, 1.27, 80.10, 2.90, 2275, 1180, 1095, 722, 350, 84, 24, 0, 428, 946, 70, 318, 13, 2, 259, 161, 1.61, 1.12, 0.803, 0.180, '2019-07-25 17:59:46', 27, 25, 2, 1, 0, 21),
(2685, 'nafany', '16921/nafany', 0.93, NULL, 0.69, 0.13, 0.11, 0.10, 0.511, 85, 0.74, NULL, 0, 1516, 1634, 0.93, 76.60, 3.20, 2203, 1014, 1189, 644, 260, 89, 20, 1, 1092, 76, 65, 267, 10, 7, 269, 338, 0.80, 1.02, 0.717, 0.174, '2019-07-25 17:59:50', 11, 2, 2, 0, 0, 5),
(2686, 't0rick', '9382/t0rick', 0.92, 0.94, 0.66, 0.13, 0.09, 0.08, 0.452, 273, 0.69, NULL, 0, 4695, 4970, 0.94, 73.20, 2.90, 7162, 3273, 3889, 2180, 810, 239, 42, 2, 3575, 72, 291, 731, 28, 10, 667, 804, 0.83, 0.95, 0.702, 0.134, '2019-07-25 17:59:55', 44, 26, 6, 5, 0, 38),
(2687, 'Ramz1k', '11842/Ramz1k', 1.12, NULL, 0.75, 0.10, 0.07, 0.09, 0.351, 315, 0.69, NULL, 0, 6221, 5682, 1.09, 78.10, 1.60, 8242, 4122, 4120, 2544, 1139, 362, 72, 5, 2155, 2572, 219, 1225, 44, 10, 1178, 961, 1.23, 1.19, 0.745, 0.213, '2019-07-25 18:00:00', 56, 40, 5, 1, 0, 40),
(2688, 'neaLaN', '11940/neaLaN', 1.01, NULL, 0.68, 0.14, 0.10, 0.09, 0.553, 277, 0.73, NULL, 0, 4957, 5328, 0.93, 76.50, 3.30, 7338, 3434, 3904, 2258, 884, 241, 47, 4, 3527, 100, 341, 934, 34, 25, 811, 895, 0.91, 1.02, 0.704, 0.156, '2019-07-25 18:00:05', 28, 18, 3, 0, 0, 39),
(2689, 'Keoz', '15117/Keoz', 0.95, NULL, 0.67, 0.11, 0.11, 0.10, 0.472, 71, 0.69, NULL, 0, 1232, 1286, 0.96, 72.20, 3.80, 1852, 844, 1008, 558, 206, 59, 20, 1, 688, 262, 61, 201, 18, 3, 206, 206, 1.00, 1.04, 0.655, 0.153, '2019-07-25 18:00:10', 15, 4, 1, 1, 0, 5),
(2690, 'Perfecto', '16947/Perfecto', 1.10, NULL, 0.68, 0.12, 0.09, 0.10, 0.461, 137, 0.62, NULL, 0, 2419, 2234, 1.08, 75.30, 4.00, 3583, 1679, 1904, 1102, 440, 112, 24, 1, 1702, 102, 172, 406, 32, 7, 239, 196, 1.22, 0.91, 0.720, 0.095, '2019-07-25 18:00:15', 28, 20, 6, 1, 0, 18),
(2691, 'splashske', '8943/splashske', 1.08, 1.12, 0.76, 0.11, 0.09, 0.09, 0.370, 533, 0.66, NULL, 0, 10407, 9004, 1.16, 78.80, 3.50, 13640, 6757, 6883, 4086, 1857, 666, 131, 17, 3230, 4732, 412, 1889, 123, 38, 1945, 1388, 1.40, 1.21, 0.742, 0.202, '2019-07-26 10:42:49', 96, 47, 21, 1, 0, 74),
(2692, 'Benkai', '8944/Benkai', 1.12, 1.13, 0.78, 0.15, 0.07, 0.09, 0.456, 467, 0.66, NULL, 0, 9344, 7887, 1.18, 85.70, 4.10, 11972, 6173, 5799, 3805, 1699, 546, 112, 11, 6640, 260, 686, 1550, 122, 103, 1445, 1225, 1.18, 1.10, 0.759, 0.175, '2019-07-26 10:42:57', 96, 61, 16, 1, 0, 66),
(2693, 'alecks', '9170/alecks', 0.85, 0.88, 0.60, 0.15, 0.10, 0.08, 0.438, 144, 0.70, NULL, 0, 2282, 2639, 0.86, 68.50, 3.20, 3796, 1613, 2183, 1091, 394, 110, 17, 1, 1667, 29, 175, 386, 23, 6, 316, 439, 0.72, 0.89, 0.725, 0.116, '2019-07-26 10:43:05', 24, 10, 3, 0, 0, 9),
(2694, 'Bobosaur', '12476/Bobosaur', 0.97, NULL, 0.63, 0.14, 0.10, 0.10, 0.468, 186, 0.67, NULL, 0, 3041, 3229, 0.94, 71.90, 5.50, 4801, 2112, 2689, 1410, 515, 151, 32, 4, 2095, 114, 154, 567, 64, 55, 415, 495, 0.84, 0.93, 0.735, 0.123, '2019-07-26 10:43:13', 31, 16, 3, 0, 0, 21),
(2695, 'd4v41', '13476/d4v41', 1.07, NULL, 0.81, 0.14, 0.10, 0.13, 0.403, 196, 0.64, NULL, 0, 4154, 3254, 1.28, 86.00, 3.50, 5105, 2673, 2432, 1581, 783, 238, 62, 9, 2516, 752, 186, 651, 37, 21, 516, 349, 1.48, 1.06, 0.733, 0.145, '2019-07-26 10:43:21', 40, 25, 4, 2, 0, 38),
(2696, 'captainMo', '5187/captainMo', 0.00, 1.04, 0.72, 0.12, 0.11, 0.10, 0.393, 701, 0.68, NULL, 0, 12982, 12212, 1.06, 74.30, 2.50, 18051, 8687, 9364, 5469, 2321, 732, 151, 14, 5946, 3786, 804, 2328, 104, 35, 2238, 2101, 1.07, 1.09, 0.776, 0.169, '2019-07-26 10:43:30', 122, 54, 13, 0, 0, 70),
(2697, 'HZ', '7016/HZ', 0.00, 1.07, 0.74, 0.18, 0.13, 0.13, 0.494, 424, 0.67, NULL, 0, 8106, 7316, 1.11, 83.20, 3.70, 10952, 5407, 5545, 3364, 1499, 441, 94, 9, 5917, 36, 588, 1492, 69, 30, 1154, 1076, 1.07, 1.03, 0.750, 0.146, '2019-07-26 10:43:39', 74, 37, 4, 1, 0, 50),
(2698, 'DD', '7026/DD', 0.00, 1.08, 0.74, 0.16, 0.12, 0.11, 0.421, 735, 0.67, NULL, 0, 13997, 12596, 1.11, 81.50, 3.10, 18912, 9336, 9576, 5861, 2473, 841, 142, 19, 10432, 330, 825, 2297, 119, 21, 1903, 1794, 1.06, 1.01, 0.765, 0.137, '2019-07-26 10:43:48', 175, 80, 18, 4, 0, 78),
(2699, 'Karsa', '8599/Karsa', 0.00, 0.95, 0.63, 0.15, 0.11, 0.10, 0.478, 351, 0.65, NULL, 0, 5632, 5830, 0.97, 70.90, 3.40, 8920, 3954, 4966, 2650, 979, 281, 39, 5, 3973, 51, 461, 1102, 54, 2, 629, 740, 0.85, 0.88, 0.747, 0.098, '2019-07-26 10:43:56', 79, 35, 8, 2, 0, 57),
(2700, 'AE', '12958/AE', 0.00, NULL, 0.78, 0.11, 0.10, 0.10, 0.384, 254, 0.71, NULL, 0, 5067, 4661, 1.09, 82.10, 2.20, 6531, 3278, 3253, 1973, 910, 314, 73, 8, 1794, 1998, 236, 966, 37, 48, 1015, 798, 1.27, 1.24, 0.710, 0.228, '2019-07-26 10:44:03', 39, 17, 5, 1, 0, 38),
(2701, 'EasTor', '4373/EasTor', 1.10, 1.12, 0.77, 0.10, 0.10, 0.11, 0.273, 111, 0.66, NULL, 0, 2185, 1882, 1.16, 78.20, 3.40, 2842, 1428, 1414, 862, 411, 121, 32, 2, 435, 1244, 103, 375, 26, 6, 406, 305, 1.33, 1.20, 0.754, 0.209, '2019-07-26 11:40:22', 20, 11, 3, 1, 0, 15),
(2702, 'SOKER', '7388/SOKER', 1.01, 0.98, 0.69, 0.14, 0.12, 0.11, 0.421, 512, 0.70, NULL, 0, 9218, 9381, 0.98, 76.20, 2.50, 13350, 6259, 7091, 4015, 1650, 484, 99, 11, 6071, 847, 504, 1711, 74, 26, 1589, 1566, 1.01, 1.07, 0.722, 0.169, '2019-07-26 11:40:29', 73, 33, 5, 0, 0, 58),
(2703, 'ALEX', '8371/ALEX', 1.05, 1.04, 0.71, 0.15, 0.10, 0.11, 0.441, 540, 0.66, NULL, 0, 9984, 9335, 1.07, 77.20, 3.60, 14141, 6695, 7446, 4215, 1802, 563, 103, 12, 6851, 597, 624, 1792, 120, 10, 1375, 1387, 0.99, 0.99, 0.729, 0.140, '2019-07-26 11:40:35', 116, 61, 20, 2, 1, 68),
(2704, 'mopoz', '9254/mopoz', 1.07, 1.02, 0.69, 0.13, 0.09, 0.08, 0.509, 383, 0.68, NULL, 0, 6928, 6806, 1.02, 75.90, 3.70, 10068, 4578, 5490, 2841, 1223, 424, 81, 9, 4674, 223, 860, 1077, 57, 56, 1123, 1344, 0.84, 1.00, 0.721, 0.159, '2019-07-26 11:40:41', 83, 31, 13, 0, 1, 45),
(2705, 'DeathZz', '13093/DeathZz', 1.04, NULL, 0.67, 0.14, 0.10, 0.11, 0.502, 135, 0.65, NULL, 0, 2400, 2307, 1.04, 74.70, 2.80, 3565, 1636, 1929, 1070, 412, 114, 36, 4, 1746, 22, 165, 451, 18, 4, 239, 269, 0.89, 0.88, 0.699, 0.092, '2019-07-26 11:40:47', 27, 24, 1, 1, 0, 18),
(2706, 'HooXi', '10096/HooXi', 0.95, 0.91, 0.62, 0.13, 0.09, 0.08, 0.509, 236, 0.68, NULL, 0, 3828, 4208, 0.91, 71.40, 5.40, 6223, 2681, 3542, 1802, 650, 193, 33, 3, 2481, 184, 402, 689, 62, 11, 498, 597, 0.83, 0.91, 0.679, 0.106, '2019-07-26 11:40:53', 32, 18, 3, 0, 0, 27),
(2707, 'Console', '10404/Console', 1.03, 0.95, 0.64, 0.15, 0.11, 0.09, 0.395, 702, 0.67, NULL, 0, 11854, 12425, 0.95, 74.00, 3.20, 18454, 8156, 10298, 5330, 2083, 625, 107, 11, 8342, 103, 1071, 2031, 166, 158, 1603, 1785, 0.90, 0.94, 0.728, 0.122, '2019-07-26 11:40:59', 123, 58, 14, 4, 1, 90),
(2708, 'Basso', '10443/Basso', 1.03, 1.03, 0.69, 0.11, 0.09, 0.11, 0.520, 351, 0.65, NULL, 0, 6229, 5856, 1.06, 72.30, 3.10, 9074, 4226, 4848, 2710, 1116, 325, 63, 12, 4398, 224, 388, 1136, 71, 20, 708, 687, 1.03, 0.93, 0.744, 0.113, '2019-07-26 11:41:06', 82, 42, 8, 1, 0, 40),
(2709, 'Farlig', '13300/Farlig', 1.16, NULL, 0.75, 0.09, 0.09, 0.10, 0.323, 175, 0.63, NULL, 0, 3437, 2903, 1.18, 75.10, 2.10, 4587, 2255, 2332, 1389, 605, 213, 41, 7, 900, 1876, 67, 576, 18, 5, 627, 385, 1.63, 1.21, 0.770, 0.202, '2019-07-26 11:41:10', 34, 17, 5, 0, 0, 21),
(2710, 'roeJ', '14419/roeJ', 1.24, NULL, 0.77, 0.15, 0.10, 0.11, 0.526, 216, 0.70, NULL, 0, 4359, 3974, 1.10, 85.70, 3.20, 5641, 2872, 2769, 1775, 783, 244, 64, 6, 3338, 22, 225, 725, 46, 14, 740, 643, 1.15, 1.13, 0.728, 0.190, '2019-07-26 11:41:15', 23, 13, 5, 1, 0, 24),
(2711, 'tamir', '9519/tamir', 0.84, 0.89, 0.65, 0.13, 0.09, 0.08, 0.546, 55, 0.77, NULL, 0, 872, 1043, 0.84, 73.80, 4.10, 1347, 587, 760, 382, 138, 55, 11, 1, 625, 17, 49, 167, 14, 1, 114, 148, 0.77, 0.91, 0.719, 0.140, '2019-07-26 12:15:09', 9, 7, 4, 0, 0, 9),
(2712, 'sKINEE', '13949/sKINEE', 0.88, NULL, 0.65, 0.12, 0.09, 0.09, 0.545, 43, 0.73, NULL, 0, 679, 768, 0.88, 73.30, 3.00, 1051, 466, 585, 295, 136, 28, 7, 0, 478, 16, 53, 126, 7, 0, 103, 113, 0.91, 0.98, 0.699, 0.151, '2019-07-26 12:15:14', 9, 7, 0, 1, 0, 6),
(2713, 'shinobi', '15062/shinobi', 0.95, NULL, 0.66, 0.15, 0.09, 0.09, 0.505, 52, 0.76, NULL, 0, 827, 943, 0.88, 76.00, 4.00, 1246, 557, 689, 358, 141, 47, 9, 2, 583, 16, 48, 167, 12, 1, 123, 131, 0.94, 0.99, 0.642, 0.144, '2019-07-26 12:15:19', 10, 5, 1, 1, 0, 7),
(2714, 'rate', '15861/rate', 1.00, NULL, 0.71, 0.13, 0.08, 0.11, 0.484, 47, 0.71, NULL, 0, 801, 800, 1.00, 77.20, 3.20, 1133, 559, 574, 375, 141, 29, 13, 1, 534, 43, 51, 161, 10, 3, 110, 115, 0.96, 0.98, 0.664, 0.138, '2019-07-26 12:15:24', 13, 2, 1, 0, 0, 10),
(2715, 'world', '15978/world', 0.72, NULL, 0.50, 0.11, 0.09, 0.05, 0.417, 46, 0.80, NULL, 0, 552, 878, 0.63, 58.60, 2.40, 1102, 412, 690, 296, 94, 20, 2, 0, 288, 113, 34, 107, 9, 2, 91, 149, 0.61, 0.85, 0.736, 0.141, '2019-07-26 12:15:29', 6, 0, 0, 0, 0, 7),
(2716, 'H4wk', '13924/H4wk', 1.11, NULL, 0.72, 0.14, 0.09, 0.11, 0.479, 39, 0.72, NULL, 0, 753, 749, 1.01, 82.80, 5.20, 1039, 490, 549, 303, 125, 51, 8, 3, 582, 4, 27, 134, 8, 2, 113, 116, 0.97, 1.02, 0.655, 0.154, '2019-07-26 12:15:34', 7, 5, 5, 0, 0, 4),
(2717, 'BelieveR', '16544/BelieveR', 0.94, NULL, 0.60, 0.10, 0.11, 0.10, 0.492, 19, 0.70, NULL, 0, 321, 375, 0.86, 66.80, 3.60, 533, 225, 308, 147, 63, 12, 3, 0, 244, 2, 12, 55, 8, 0, 36, 45, 0.80, 0.86, 0.750, 0.108, '2019-07-26 12:15:38', 2, 3, 1, 0, 0, 3),
(2718, 'xetN', '17141/xetN', 0.66, NULL, 0.57, 0.12, 0.09, 0.09, 0.543, 34, 0.70, NULL, 0, 521, 636, 0.82, 64.50, 5.10, 915, 374, 541, 257, 91, 22, 4, 0, 353, 17, 57, 82, 11, 1, 73, 83, 0.88, 0.91, 0.712, 0.119, '2019-07-26 12:15:42', 8, 4, 0, 0, 0, 2),
(2719, 'kaz', '17142/kaz', 0.91, NULL, 0.68, 0.11, 0.10, 0.08, 0.493, 34, 0.73, NULL, 0, 623, 667, 0.93, 74.70, 3.40, 915, 421, 494, 274, 106, 28, 12, 1, 396, 77, 33, 110, 7, 1, 111, 129, 0.86, 1.04, 0.712, 0.180, '2019-07-26 12:15:47', 9, 1, 1, 0, 0, 4);
INSERT INTO `players` (`PMID`, `player_name`, `player_id`, `rating2`, `rating1`, `ks_per_rnd`, `assists_per_rnd`, `saved_by_teammate_per_rnd`, `saves_per_rnd`, `headshots`, `maps_played`, `deaths_per_rnd`, `age`, `country`, `total_ks`, `total_deaths`, `k_death_ratio`, `damage_per_rnd`, `grenade_per_rnd`, `rnds_played`, `rnds_with_ks`, `_0_k_rnds`, `_1_k_rnds`, `_2_k_rnds`, `_3_k_rnds`, `_4_k_rnds`, `_5_k_rnds`, `rifle_ks`, `sniper_ks`, `smg_ks`, `pistol_ks`, `grenade_ks`, `other_ks`, `opening_ks`, `opening_deaths`, `opening_k_ratio`, `opening_k_rating`, `team_win_percent_after_first_k`, `first_k_in_won_rounds`, `date_collected`, `clutch_1v1_w`, `clutch_1v2_w`, `clutch_1v3_w`, `clutch_1v4_w`, `clutch_1v5_w`, `clutch_1v1_l`) VALUES
(2720, 'sk0R', '18638/sk0R', 1.12, NULL, 0.72, 0.11, 0.09, 0.12, 0.549, 18, 0.72, NULL, 0, 364, 365, 1.00, 73.60, 2.90, 508, 241, 267, 152, 60, 24, 5, 0, 194, 75, 21, 63, 8, 3, 46, 56, 0.82, 0.94, 0.739, 0.140, '2019-07-26 12:15:52', 5, 0, 0, 0, 0, 2),
(2721, 'kinqie', '3459/kinqie', 1.01, 0.97, 0.68, 0.14, 0.11, 0.10, 0.565, 302, 0.70, NULL, 0, 5393, 5610, 0.96, 77.30, 5.10, 7980, 3666, 4314, 2336, 1000, 269, 55, 6, 4013, 27, 365, 904, 73, 16, 838, 859, 0.98, 1.01, 0.735, 0.155, '2019-07-26 12:40:17', 62, 28, 4, 3, 0, 34),
(2722, 'svyat', '12016/svyat', 0.98, NULL, 0.63, 0.14, 0.10, 0.10, 0.501, 255, 0.67, NULL, 0, 4201, 4497, 0.93, 71.50, 3.80, 6721, 2934, 3787, 1958, 733, 200, 38, 5, 3067, 82, 295, 697, 61, 10, 607, 640, 0.95, 0.96, 0.687, 0.126, '2019-07-26 12:40:23', 43, 21, 4, 1, 0, 29),
(2723, 'Krad', '12027/Krad', 1.12, NULL, 0.72, 0.13, 0.10, 0.11, 0.487, 289, 0.67, NULL, 0, 5519, 5120, 1.08, 78.80, 4.40, 7657, 3648, 4009, 2245, 1028, 289, 79, 7, 3361, 608, 453, 1026, 71, 15, 824, 842, 0.98, 1.02, 0.716, 0.152, '2019-07-26 12:40:30', 62, 33, 6, 2, 1, 26),
(2724, 'speed4k', '13155/speed4k', 1.07, NULL, 0.67, 0.12, 0.10, 0.09, 0.442, 315, 0.66, NULL, 0, 5617, 5561, 1.01, 72.80, 3.00, 8386, 3802, 4584, 2442, 980, 315, 55, 10, 2543, 1713, 376, 926, 55, 16, 848, 767, 1.11, 1.02, 0.722, 0.147, '2019-07-26 12:40:35', 62, 32, 8, 3, 0, 39),
(2725, 'Forester', '13982/Forester', 1.01, NULL, 0.67, 0.12, 0.10, 0.10, 0.537, 302, 0.67, NULL, 0, 5307, 5335, 0.99, 73.10, 2.90, 7966, 3618, 4348, 2321, 968, 275, 45, 9, 3909, 42, 340, 966, 58, 11, 760, 794, 0.96, 0.98, 0.722, 0.138, '2019-07-26 12:40:40', 38, 19, 10, 0, 0, 26),
(2726, 't0rick', '9382/t0rick', 0.93, 0.94, 0.66, 0.13, 0.09, 0.08, 0.453, 276, 0.69, NULL, 0, 4734, 5003, 0.95, 73.20, 2.90, 7220, 3297, 3923, 2192, 819, 242, 42, 2, 3605, 73, 293, 737, 28, 10, 673, 809, 0.83, 0.95, 0.703, 0.134, '2019-07-26 12:40:45', 45, 26, 6, 5, 0, 38),
(2727, 'Ramz1k', '11842/Ramz1k', 1.12, NULL, 0.75, 0.10, 0.07, 0.08, 0.350, 318, 0.69, NULL, 0, 6255, 5709, 1.10, 78.00, 1.60, 8300, 4146, 4154, 2560, 1145, 364, 72, 5, 2164, 2590, 219, 1232, 44, 10, 1184, 966, 1.23, 1.19, 0.745, 0.212, '2019-07-26 12:40:51', 56, 40, 5, 1, 0, 40),
(2728, 'neaLaN', '11940/neaLaN', 1.01, NULL, 0.67, 0.14, 0.10, 0.09, 0.553, 280, 0.73, NULL, 0, 4991, 5363, 0.93, 76.40, 3.30, 7396, 3456, 3940, 2271, 890, 244, 47, 4, 3555, 100, 344, 936, 34, 26, 817, 904, 0.90, 1.02, 0.705, 0.155, '2019-07-26 12:40:56', 28, 18, 3, 0, 0, 39),
(2729, 'Keoz', '15117/Keoz', 0.99, NULL, 0.68, 0.11, 0.11, 0.11, 0.475, 74, 0.69, NULL, 0, 1296, 1320, 0.98, 73.30, 3.80, 1910, 881, 1029, 579, 214, 65, 21, 2, 733, 267, 61, 213, 19, 4, 216, 209, 1.03, 1.05, 0.667, 0.157, '2019-07-26 12:41:00', 15, 6, 1, 1, 0, 5),
(2730, 'Perfecto', '16947/Perfecto', 1.10, NULL, 0.67, 0.12, 0.09, 0.10, 0.463, 140, 0.62, NULL, 0, 2456, 2266, 1.08, 75.20, 4.00, 3641, 1703, 1938, 1118, 445, 114, 24, 2, 1727, 102, 176, 414, 32, 7, 245, 198, 1.24, 0.91, 0.722, 0.096, '2019-07-26 12:41:05', 29, 20, 6, 1, 0, 18),
(2731, 'draken', '9255/draken', 1.11, 1.08, 0.72, 0.10, 0.08, 0.08, 0.307, 914, 0.64, NULL, 0, 17372, 15232, 1.14, 74.60, 2.10, 23986, 11695, 12291, 7419, 3089, 986, 188, 13, 2960, 9931, 964, 3364, 126, 58, 3245, 2487, 1.30, 1.17, 0.748, 0.194, '2019-07-26 13:10:12', 195, 105, 24, 3, 1, 133),
(2732, 'disco%20doplan', '9256/disco%20doplan', 1.07, 1.05, 0.71, 0.13, 0.09, 0.10, 0.437, 897, 0.66, NULL, 0, 16827, 15538, 1.08, 77.50, 3.00, 23697, 11376, 12321, 7214, 3090, 877, 173, 22, 10516, 2321, 618, 3164, 189, 46, 2237, 2157, 1.04, 0.99, 0.738, 0.135, '2019-07-26 13:10:19', 194, 100, 17, 7, 0, 123),
(2733, 'freddieb', '9257/freddieb', 1.09, 1.00, 0.69, 0.14, 0.09, 0.09, 0.527, 966, 0.68, NULL, 0, 17616, 17379, 1.01, 77.40, 4.10, 25455, 12025, 13430, 7709, 3260, 862, 170, 24, 12899, 452, 998, 3050, 173, 83, 2648, 2606, 1.02, 1.02, 0.731, 0.146, '2019-07-26 13:10:29', 177, 87, 17, 3, 1, 134),
(2734, 'RuStY', '10784/RuStY', 0.99, NULL, 0.65, 0.14, 0.11, 0.10, 0.521, 608, 0.69, NULL, 0, 10619, 11189, 0.95, 72.50, 3.50, 16254, 7278, 8976, 4698, 1939, 535, 92, 14, 7455, 251, 782, 1956, 160, 37, 1512, 1744, 0.87, 0.95, 0.704, 0.129, '2019-07-26 13:10:35', 103, 49, 7, 2, 0, 61),
(2735, 'grux', '15096/grux', 1.01, NULL, 0.70, 0.11, 0.11, 0.12, 0.693, 213, 0.67, NULL, 0, 3912, 3767, 1.04, 73.40, 2.20, 5624, 2672, 2952, 1714, 711, 213, 33, 1, 2956, 48, 173, 710, 24, 14, 509, 533, 0.95, 0.96, 0.747, 0.131, '2019-07-26 13:10:40', 36, 14, 1, 0, 0, 32),
(2736, 'HUNDEN', '7415/HUNDEN', 0.89, 0.81, 0.55, 0.14, 0.11, 0.09, 0.486, 1430, 0.70, NULL, 0, 20524, 26023, 0.79, 65.40, 4.40, 37206, 14951, 22255, 10513, 3457, 855, 113, 13, 15323, 201, 1333, 3290, 356, 61, 2811, 4127, 0.68, 0.86, 0.723, 0.107, '2019-07-26 13:10:49', 170, 71, 13, 2, 1, 129),
(2737, 'Bubzkji', '9612/Bubzkji', 1.19, 1.04, 0.72, 0.14, 0.09, 0.10, 0.513, 521, 0.67, NULL, 0, 9832, 9213, 1.07, 80.20, 4.90, 13678, 6660, 7018, 4243, 1793, 505, 107, 12, 7066, 440, 508, 1636, 122, 79, 1461, 1311, 1.11, 1.04, 0.723, 0.150, '2019-07-26 13:10:54', 87, 49, 7, 1, 0, 45),
(2738, 'b0RUP', '9896/b0RUP', 1.18, 1.05, 0.73, 0.11, 0.10, 0.10, 0.640, 795, 0.69, NULL, 0, 15023, 14232, 1.06, 77.10, 3.80, 20698, 9842, 10856, 6051, 2645, 930, 188, 28, 11073, 240, 838, 2588, 175, 133, 2344, 2431, 0.96, 1.04, 0.730, 0.162, '2019-07-26 13:11:00', 134, 53, 15, 4, 1, 85),
(2739, 'acoR', '10330/acoR', 1.12, 1.05, 0.70, 0.11, 0.09, 0.10, 0.446, 627, 0.65, NULL, 0, 11398, 10486, 1.09, 74.40, 3.40, 16215, 7583, 8632, 4706, 2097, 636, 130, 14, 5241, 3524, 470, 1975, 137, 65, 1746, 1594, 1.10, 1.04, 0.752, 0.157, '2019-07-26 13:11:07', 123, 58, 14, 1, 1, 99),
(2740, 'sjuush', '14148/sjuush', 1.10, NULL, 0.70, 0.13, 0.10, 0.10, 0.537, 332, 0.65, NULL, 0, 6025, 5599, 1.08, 76.70, 3.60, 8646, 4045, 4601, 2565, 1059, 347, 69, 5, 4440, 150, 379, 945, 72, 49, 817, 746, 1.10, 1.00, 0.736, 0.130, '2019-07-26 13:11:13', 60, 36, 9, 1, 0, 46),
(2741, 'tamir', '9519/tamir', 0.84, 0.89, 0.65, 0.13, 0.09, 0.08, 0.546, 55, 0.77, NULL, 0, 872, 1043, 0.84, 73.80, 4.10, 1347, 587, 760, 382, 138, 55, 11, 1, 625, 17, 49, 167, 14, 1, 114, 148, 0.77, 0.91, 0.719, 0.140, '2019-07-26 13:56:55', 9, 7, 4, 0, 0, 9),
(2742, 'sKINEE', '13949/sKINEE', 0.88, NULL, 0.65, 0.12, 0.09, 0.09, 0.545, 43, 0.73, NULL, 0, 679, 768, 0.88, 73.30, 3.00, 1051, 466, 585, 295, 136, 28, 7, 0, 478, 16, 53, 126, 7, 0, 103, 113, 0.91, 0.98, 0.699, 0.151, '2019-07-26 13:57:00', 9, 7, 0, 1, 0, 6),
(2743, 'shinobi', '15062/shinobi', 0.95, NULL, 0.66, 0.15, 0.09, 0.09, 0.505, 52, 0.76, NULL, 0, 827, 943, 0.88, 76.00, 4.00, 1246, 557, 689, 358, 141, 47, 9, 2, 583, 16, 48, 167, 12, 1, 123, 131, 0.94, 0.99, 0.642, 0.144, '2019-07-26 13:57:06', 10, 5, 1, 1, 0, 7),
(2744, 'rate', '15861/rate', 1.00, NULL, 0.71, 0.13, 0.08, 0.11, 0.484, 47, 0.71, NULL, 0, 801, 800, 1.00, 77.20, 3.20, 1133, 559, 574, 375, 141, 29, 13, 1, 534, 43, 51, 161, 10, 3, 110, 115, 0.96, 0.98, 0.664, 0.138, '2019-07-26 13:57:11', 13, 2, 1, 0, 0, 10),
(2745, 'world', '15978/world', 0.72, NULL, 0.50, 0.11, 0.09, 0.05, 0.417, 46, 0.80, NULL, 0, 552, 878, 0.63, 58.60, 2.40, 1102, 412, 690, 296, 94, 20, 2, 0, 288, 113, 34, 107, 9, 2, 91, 149, 0.61, 0.85, 0.736, 0.141, '2019-07-26 13:57:16', 6, 0, 0, 0, 0, 7),
(2746, 'z8z', '7027/z8z', 1.02, NULL, 0.59, 0.12, 0.09, 0.08, 0.532, 45, 0.75, NULL, 0, 652, 837, 0.78, 66.50, 3.90, 1110, 472, 638, 330, 111, 26, 3, 2, 443, 17, 41, 141, 8, 3, 89, 124, 0.72, 0.88, 0.629, 0.116, '2019-07-26 13:57:21', 9, 3, 2, 0, 0, 10),
(2747, 'ayaya', '10186/ayaya', 2.45, 1.02, 0.72, 0.14, 0.09, 0.09, 0.403, 392, 0.70, NULL, 0, 7156, 6923, 1.03, 79.10, 2.70, 9886, 4831, 5055, 3058, 1310, 383, 71, 9, 4446, 911, 462, 1255, 60, 36, 1179, 1057, 1.12, 1.08, 0.755, 0.173, '2019-07-26 13:57:26', 71, 32, 12, 0, 0, 50),
(2748, 'JeXeN', '12385/JeXeN', 1.50, NULL, 0.75, 0.13, 0.09, 0.11, 0.370, 113, 0.65, NULL, 0, 2102, 1832, 1.15, 79.20, 2.30, 2812, 1403, 1409, 880, 379, 115, 26, 3, 962, 532, 224, 365, 21, 1, 289, 240, 1.20, 1.04, 0.785, 0.154, '2019-07-26 13:57:33', 23, 13, 6, 1, 0, 17),
(2749, 'Sugar', '14145/Sugar', 1.43, NULL, 0.63, 0.11, 0.10, 0.09, 0.476, 25, 0.71, NULL, 0, 412, 467, 0.88, 68.90, 1.70, 657, 281, 376, 179, 75, 25, 2, 0, 268, 7, 47, 87, 3, 2, 42, 51, 0.82, 0.86, 0.738, 0.104, '2019-07-26 13:57:38', 6, 4, 0, 0, 0, 7),
(2750, 'nightsama', '14407/nightsama', 2.11, NULL, 0.67, 0.11, 0.09, 0.09, 0.554, 42, 0.70, NULL, 0, 706, 747, 0.95, 70.80, 2.80, 1060, 495, 565, 318, 146, 28, 3, 0, 494, 26, 47, 126, 7, 7, 85, 111, 0.77, 0.89, 0.635, 0.112, '2019-07-26 13:57:44', 13, 3, 1, 0, 0, 4),
(2751, 'zqkS', '7383/zqkS', 1.09, 1.00, 0.66, 0.12, 0.10, 0.09, 0.295, 542, 0.63, NULL, 0, 9217, 8734, 1.06, 70.50, 3.70, 13905, 6400, 7505, 4202, 1684, 427, 78, 9, 2154, 4861, 439, 1613, 120, 54, 1709, 1295, 1.32, 1.13, 0.748, 0.182, '2019-07-26 16:40:27', 137, 43, 14, 1, 0, 82),
(2752, 'SHOOWTiME', '9220/SHOOWTiME', 1.03, 0.98, 0.68, 0.13, 0.11, 0.10, 0.460, 754, 0.68, NULL, 0, 13134, 13267, 0.99, 74.70, 3.90, 19391, 8968, 10423, 5780, 2351, 706, 122, 9, 8883, 1131, 716, 2212, 165, 50, 2025, 1878, 1.08, 1.03, 0.727, 0.147, '2019-07-26 16:40:34', 122, 62, 19, 3, 0, 81),
(2753, 'dzt', '10570/dzt', 1.08, 1.01, 0.70, 0.14, 0.10, 0.09, 0.464, 467, 0.68, NULL, 0, 8389, 8146, 1.03, 77.00, 3.60, 11992, 5679, 6313, 3621, 1518, 434, 100, 6, 5655, 606, 635, 1372, 74, 69, 1480, 1431, 1.03, 1.08, 0.750, 0.174, '2019-07-26 16:40:39', 62, 40, 9, 3, 0, 55),
(2754, 'RMN', '10790/RMN', 1.07, NULL, 0.72, 0.14, 0.10, 0.11, 0.427, 256, 0.70, NULL, 0, 4756, 4607, 1.03, 76.90, 6.10, 6621, 3175, 3446, 1974, 879, 270, 46, 6, 3058, 396, 327, 850, 96, 38, 663, 603, 1.10, 1.02, 0.768, 0.152, '2019-07-26 16:40:45', 40, 16, 6, 0, 1, 35),
(2755, 'shz', '11739/shz', 1.18, NULL, 0.74, 0.13, 0.10, 0.12, 0.509, 490, 0.65, NULL, 0, 9323, 8289, 1.12, 78.80, 3.10, 12672, 6212, 6460, 3897, 1662, 522, 119, 12, 6923, 70, 587, 1631, 102, 29, 1049, 904, 1.16, 0.96, 0.743, 0.118, '2019-07-26 16:40:50', 83, 43, 8, 1, 0, 59),
(2756, 'mawth', '10838/mawth', 1.10, NULL, 0.73, 0.11, 0.09, 0.10, 0.349, 105, 0.70, NULL, 0, 2030, 1936, 1.05, 77.10, 2.90, 2764, 1325, 1439, 791, 390, 118, 25, 1, 894, 659, 88, 373, 9, 14, 319, 278, 1.15, 1.08, 0.696, 0.175, '2019-07-26 16:40:55', 27, 8, 6, 0, 0, 12),
(2757, 'trk8', '13284/trk8', 1.01, NULL, 0.61, 0.12, 0.08, 0.09, 0.454, 80, 0.72, NULL, 0, 1273, 1504, 0.85, 67.60, 3.40, 2095, 900, 1195, 603, 231, 57, 8, 1, 777, 182, 49, 244, 14, 10, 193, 292, 0.66, 0.89, 0.725, 0.145, '2019-07-26 16:41:01', 15, 5, 2, 1, 0, 14),
(2758, 'Will1', '13285/Will1', 0.94, NULL, 0.63, 0.11, 0.09, 0.10, 0.472, 80, 0.71, NULL, 0, 1312, 1479, 0.89, 68.90, 3.20, 2095, 926, 1169, 629, 221, 64, 11, 1, 1013, 4, 55, 221, 17, 5, 152, 162, 0.94, 0.90, 0.664, 0.105, '2019-07-26 16:41:06', 18, 5, 0, 0, 0, 9),
(2759, 'bnc', '13287/bnc', 1.06, NULL, 0.66, 0.13, 0.10, 0.09, 0.449, 80, 0.71, NULL, 0, 1378, 1478, 0.93, 75.00, 5.00, 2095, 942, 1153, 613, 240, 73, 14, 2, 1044, 18, 29, 264, 21, 7, 183, 219, 0.84, 0.93, 0.710, 0.135, '2019-07-26 16:41:11', 13, 5, 2, 0, 0, 8),
(2760, 'skullz', '18676/skullz', 1.10, NULL, 0.68, 0.14, 0.13, 0.12, 0.493, 49, 0.68, NULL, 0, 895, 893, 1.00, 75.30, 4.00, 1313, 613, 700, 408, 145, 44, 15, 1, 703, 4, 30, 146, 13, 2, 123, 145, 0.85, 0.95, 0.748, 0.144, '2019-07-26 16:41:15', 12, 2, 0, 0, 0, 2),
(2761, 'BONA', '10114/BONA', 0.94, 0.91, 0.63, 0.13, 0.10, 0.10, 0.502, 348, 0.70, NULL, 0, 5842, 6482, 0.90, 69.60, 4.60, 9301, 4076, 5225, 2703, 1052, 253, 64, 4, 3541, 643, 382, 1162, 101, 23, 861, 961, 0.90, 0.96, 0.720, 0.134, '2019-07-26 16:46:14', 63, 28, 8, 0, 0, 39),
(2762, 'RAIMOVORMISTO', '12788/RAIMOVORMISTO', 0.69, NULL, 0.66, 0.12, 0.09, 0.11, 0.500, 63, 0.67, NULL, 0, 1107, 1120, 0.99, 70.90, 3.20, 1682, 757, 925, 489, 199, 56, 13, 0, 741, 79, 41, 230, 17, 2, 104, 114, 0.91, 0.86, 0.712, 0.091, '2019-07-26 16:46:19', 11, 5, 1, 0, 0, 11),
(2763, 'r0tta', '15338/r0tta', 0.89, NULL, 0.65, 0.14, 0.10, 0.10, 0.523, 35, 0.72, NULL, 0, 600, 661, 0.91, 72.60, 3.20, 919, 411, 508, 273, 97, 33, 6, 2, 431, 35, 29, 98, 6, 3, 74, 92, 0.80, 0.90, 0.662, 0.121, '2019-07-26 16:46:24', 3, 1, 0, 0, 0, 4),
(2764, 'Spargo', '15565/Spargo', 1.05, NULL, 0.67, 0.12, 0.10, 0.08, 0.445, 45, 0.72, NULL, 0, 827, 894, 0.93, 72.20, 2.40, 1237, 557, 680, 352, 155, 35, 15, 0, 352, 265, 56, 148, 4, 4, 171, 156, 1.10, 1.15, 0.690, 0.207, '2019-07-26 16:46:28', 15, 3, 1, 0, 0, 2),
(2765, 'eDi', '16556/eDi', 0.89, NULL, 0.60, 0.15, 0.11, 0.10, 0.447, 29, 0.72, NULL, 0, 477, 576, 0.83, 71.50, 5.00, 796, 331, 465, 220, 80, 28, 2, 1, 345, 3, 25, 85, 14, 6, 79, 89, 0.89, 0.98, 0.759, 0.165, '2019-07-26 16:46:32', 3, 0, 0, 0, 0, 3),
(2766, 'Twinx', '11012/Twinx', 0.95, NULL, 0.68, 0.10, 0.09, 0.09, 0.320, 80, 0.68, NULL, 0, 1417, 1428, 0.99, 71.50, 2.70, 2086, 975, 1111, 636, 252, 71, 16, 0, 306, 776, 58, 256, 15, 7, 263, 233, 1.13, 1.11, 0.722, 0.184, '2019-07-26 16:46:37', 14, 11, 1, 0, 0, 7),
(2767, 'thamlike', '11013/thamlike', 0.99, NULL, 0.67, 0.12, 0.09, 0.14, 0.521, 127, 0.63, NULL, 0, 2248, 2129, 1.06, 71.00, 3.50, 3360, 1552, 1808, 1017, 396, 120, 16, 3, 1632, 33, 120, 433, 29, 7, 207, 161, 1.29, 0.89, 0.671, 0.084, '2019-07-26 16:46:43', 52, 18, 4, 1, 0, 25),
(2768, 'Daffu', '11996/Daffu', 1.14, NULL, 0.66, 0.15, 0.11, 0.12, 0.507, 100, 0.69, NULL, 0, 1692, 1754, 0.96, 75.30, 4.10, 2557, 1146, 1411, 739, 290, 99, 14, 4, 1202, 24, 77, 356, 24, 14, 228, 249, 0.92, 0.95, 0.684, 0.132, '2019-07-26 16:46:48', 18, 9, 2, 0, 0, 18),
(2769, 'birdfromsky', '13718/birdfromsky', 0.87, NULL, 0.58, 0.16, 0.11, 0.07, 0.424, 72, 0.71, NULL, 0, 1093, 1327, 0.82, 71.10, 7.00, 1874, 782, 1092, 548, 176, 42, 13, 3, 678, 54, 131, 180, 30, 20, 171, 224, 0.76, 0.92, 0.708, 0.134, '2019-07-26 16:46:53', 13, 6, 0, 0, 0, 8),
(2770, 'Cabbi', '16723/Cabbi', 1.11, NULL, 0.77, 0.12, 0.12, 0.12, 0.596, 55, 0.71, NULL, 0, 1096, 1005, 1.09, 80.90, 2.50, 1419, 705, 714, 422, 197, 66, 18, 2, 852, 6, 59, 168, 10, 4, 157, 130, 1.21, 1.07, 0.688, 0.160, '2019-07-26 16:46:58', 8, 5, 1, 1, 0, 5),
(2771, 'BTN', '1206/BTN', 0.99, 0.96, 0.68, 0.16, 0.12, 0.10, 0.544, 586, 0.71, NULL, 0, 10144, 10600, 0.96, 76.60, 4.80, 15027, 6922, 8105, 4434, 1872, 509, 98, 9, 7181, 142, 598, 2070, 151, 16, 1401, 1543, 0.91, 0.96, 0.752, 0.134, '2019-07-26 17:27:18', 88, 63, 13, 2, 0, 83),
(2772, 'r1d3r', '8454/r1d3r', 0.89, 0.94, 0.65, 0.11, 0.09, 0.10, 0.483, 144, 0.70, NULL, 0, 2375, 2573, 0.92, 69.40, 2.30, 3675, 1615, 2060, 1034, 435, 118, 26, 2, 1753, 34, 104, 459, 21, 6, 303, 341, 0.89, 0.92, 0.726, 0.118, '2019-07-26 17:27:24', 32, 15, 1, 2, 0, 14),
(2773, 'XELLOW', '9626/XELLOW', 1.20, 1.16, 0.81, 0.12, 0.09, 0.11, 0.436, 560, 0.67, NULL, 0, 11676, 9696, 1.20, 84.40, 1.60, 14385, 7547, 6838, 4521, 2131, 710, 162, 23, 5380, 3700, 290, 2229, 71, 24, 2104, 1579, 1.33, 1.22, 0.738, 0.205, '2019-07-26 17:27:30', 98, 55, 15, 3, 0, 95),
(2774, 'sXe', '10436/sXe', 1.32, 1.05, 0.72, 0.14, 0.10, 0.10, 0.424, 386, 0.67, NULL, 0, 7004, 6521, 1.07, 78.60, 2.60, 9789, 4679, 5110, 2936, 1261, 387, 90, 5, 4784, 120, 647, 1350, 77, 39, 856, 905, 0.95, 0.95, 0.742, 0.121, '2019-07-26 17:27:36', 87, 46, 9, 0, 0, 46),
(2775, 'iM', '14759/iM', 1.26, NULL, 0.67, 0.12, 0.10, 0.09, 0.500, 156, 0.69, NULL, 0, 2689, 2775, 0.97, 73.80, 3.60, 3994, 1880, 2114, 1264, 451, 138, 26, 1, 1946, 24, 210, 482, 23, 10, 310, 360, 0.86, 0.90, 0.668, 0.103, '2019-07-26 17:27:41', 29, 20, 3, 1, 0, 26),
(2776, 'gabesson', '7925/gabesson', 0.94, 0.97, 0.68, 0.16, 0.11, 0.11, 0.421, 423, 0.70, NULL, 0, 7658, 7875, 0.97, 76.20, 4.60, 11186, 5271, 5915, 3443, 1375, 360, 88, 5, 4678, 1021, 273, 1572, 88, 46, 1097, 1048, 1.05, 1.00, 0.719, 0.148, '2019-07-26 17:27:47', 85, 33, 3, 3, 0, 62),
(2777, 'Barcode', '9011/Barcode', 0.95, 1.00, 0.70, 0.13, 0.10, 0.10, 0.506, 331, 0.71, NULL, 0, 6083, 6190, 0.98, 73.70, 1.90, 8674, 4034, 4640, 2485, 1142, 322, 78, 7, 4236, 152, 364, 1276, 42, 28, 782, 933, 0.84, 0.94, 0.689, 0.131, '2019-07-26 17:27:53', 63, 51, 5, 3, 0, 54),
(2778, 'kolor', '10698/kolor', 0.96, NULL, 0.72, 0.11, 0.10, 0.12, 0.253, 438, 0.69, NULL, 0, 8300, 7891, 1.05, 74.40, 2.00, 11458, 5520, 5938, 3467, 1465, 461, 115, 12, 1285, 5075, 417, 1445, 67, 28, 1478, 1283, 1.15, 1.13, 0.740, 0.202, '2019-07-26 17:27:59', 94, 40, 9, 2, 0, 71),
(2779, 'fleav', '12317/fleav', 1.14, NULL, 0.72, 0.14, 0.11, 0.11, 0.433, 270, 0.73, NULL, 0, 5054, 5122, 0.99, 79.00, 2.50, 7064, 3351, 3713, 2077, 912, 300, 57, 5, 3470, 269, 337, 944, 35, 8, 728, 783, 0.93, 1.00, 0.702, 0.153, '2019-07-26 17:28:05', 65, 25, 6, 1, 0, 30),
(2780, 'msN', '19084/msN', 0.88, NULL, 0.53, 0.09, 0.22, 0.08, 0.559, 5, 0.78, NULL, 0, 68, 100, 0.68, 63.10, 5.40, 128, 52, 76, 37, 14, 1, 0, 0, 47, 2, 0, 16, 2, 1, 13, 11, 1.18, 1.03, 0.538, 0.127, '2019-07-26 17:28:09', 0, 0, 0, 0, 0, 0),
(2781, 'Noobster', '9680/Noobster', 1.14, 1.00, 0.69, 0.12, 0.09, 0.08, 0.351, 255, 0.68, NULL, 0, 4542, 4498, 1.01, 74.20, 3.50, 6581, 3061, 3520, 1936, 836, 229, 53, 7, 1316, 1976, 270, 915, 57, 15, 877, 724, 1.21, 1.15, 0.730, 0.200, '2019-07-26 23:40:23', 46, 23, 15, 0, 0, 30),
(2782, 'Chub', '12917/Chub', 0.90, NULL, 0.57, 0.13, 0.10, 0.08, 0.511, 159, 0.75, NULL, 0, 2295, 3002, 0.76, 66.30, 3.20, 4021, 1642, 2379, 1142, 371, 107, 20, 2, 1610, 31, 172, 429, 29, 26, 404, 549, 0.74, 0.94, 0.688, 0.148, '2019-07-26 23:40:27', 19, 7, 2, 0, 0, 14),
(2783, 'Kingfisher', '16668/Kingfisher', 0.88, NULL, 0.53, 0.12, 0.10, 0.08, 0.388, 52, 0.71, NULL, 0, 722, 971, 0.74, 60.20, 5.10, 1371, 526, 845, 370, 124, 24, 8, 0, 536, 30, 22, 119, 11, 4, 72, 107, 0.67, 0.80, 0.708, 0.082, '2019-07-26 23:40:32', 5, 5, 1, 0, 0, 3),
(2784, 'Vexite', '17384/Vexite', 1.21, NULL, 0.70, 0.12, 0.11, 0.12, 0.517, 33, 0.76, NULL, 0, 516, 560, 0.92, 78.50, 3.50, 738, 355, 383, 235, 87, 26, 6, 1, 348, 26, 8, 121, 8, 7, 73, 73, 1.00, 1.00, 0.616, 0.161, '2019-07-26 23:40:36', 6, 3, 3, 0, 0, 8),
(2785, 'Laes', '17391/Laes', 0.93, NULL, 0.65, 0.13, 0.11, 0.11, 0.514, 43, 0.72, NULL, 0, 712, 791, 0.90, 73.20, 4.10, 1092, 482, 610, 309, 127, 36, 9, 1, 494, 28, 40, 128, 7, 19, 96, 108, 0.89, 0.94, 0.750, 0.140, '2019-07-26 23:40:40', 4, 4, 1, 0, 0, 6),
(2786, 'Jinxx', '11538/Jinxx', 1.04, NULL, 0.68, 0.12, 0.10, 0.13, 0.535, 221, 0.66, NULL, 0, 3911, 3811, 1.03, 73.40, 3.80, 5770, 2673, 3097, 1732, 698, 194, 44, 5, 2782, 17, 159, 899, 52, 12, 399, 371, 1.08, 0.91, 0.692, 0.102, '2019-07-26 23:40:45', 67, 41, 14, 3, 1, 45),
(2787, 'stat', '12086/stat', 1.10, NULL, 0.67, 0.13, 0.11, 0.11, 0.509, 341, 0.69, NULL, 0, 5838, 5985, 0.98, 73.60, 4.10, 8704, 3983, 4721, 2578, 1039, 291, 66, 9, 4145, 81, 375, 1152, 75, 23, 758, 916, 0.83, 0.93, 0.695, 0.125, '2019-07-26 23:40:51', 60, 36, 7, 5, 0, 37),
(2788, 'apocdud', '12872/apocdud', 1.00, NULL, 0.62, 0.14, 0.10, 0.11, 0.387, 233, 0.72, NULL, 0, 3711, 4272, 0.87, 71.60, 5.20, 5967, 2646, 3321, 1821, 627, 161, 32, 5, 2099, 579, 217, 740, 74, 10, 561, 616, 0.91, 0.96, 0.704, 0.147, '2019-07-26 23:40:56', 44, 13, 7, 0, 0, 30),
(2789, 'SkulL', '14290/SkulL', 1.05, NULL, 0.66, 0.15, 0.11, 0.10, 0.407, 275, 0.73, NULL, 0, 4715, 5184, 0.91, 75.80, 5.40, 7102, 3211, 3891, 2056, 853, 259, 39, 4, 2707, 655, 472, 788, 79, 25, 779, 895, 0.87, 1.01, 0.702, 0.168, '2019-07-26 23:41:01', 43, 18, 7, 3, 0, 39),
(2790, 'Mayker', '14957/Mayker', 1.05, NULL, 0.66, 0.12, 0.11, 0.10, 0.467, 150, 0.72, NULL, 0, 2477, 2701, 0.92, 73.70, 3.70, 3759, 1697, 2062, 1104, 442, 117, 32, 2, 1730, 124, 119, 460, 31, 21, 297, 366, 0.81, 0.90, 0.754, 0.128, '2019-07-26 23:41:06', 23, 5, 5, 1, 0, 13),
(2791, 'splashske', '8943/splashske', 1.08, 1.12, 0.76, 0.11, 0.09, 0.09, 0.370, 534, 0.66, NULL, 0, 10425, 9020, 1.16, 78.80, 3.50, 13668, 6768, 6900, 4092, 1860, 668, 131, 17, 3241, 4734, 412, 1894, 123, 38, 1951, 1392, 1.40, 1.21, 0.743, 0.202, '2019-07-27 01:40:34', 96, 47, 21, 1, 0, 74),
(2792, 'Benkai', '8944/Benkai', 1.12, 1.13, 0.78, 0.15, 0.07, 0.09, 0.456, 468, 0.66, NULL, 0, 9364, 7903, 1.18, 85.70, 4.10, 12000, 6187, 5813, 3814, 1703, 547, 112, 11, 6655, 261, 688, 1552, 122, 103, 1446, 1227, 1.18, 1.10, 0.759, 0.174, '2019-07-27 01:40:40', 96, 61, 16, 1, 0, 67),
(2793, 'alecks', '9170/alecks', 0.86, 0.88, 0.60, 0.15, 0.10, 0.08, 0.437, 145, 0.70, NULL, 0, 2302, 2659, 0.87, 68.70, 3.20, 3824, 1625, 2199, 1098, 397, 111, 18, 1, 1679, 29, 180, 388, 24, 6, 320, 441, 0.73, 0.89, 0.725, 0.117, '2019-07-27 01:40:45', 24, 10, 3, 0, 0, 9),
(2794, 'Bobosaur', '12476/Bobosaur', 0.98, NULL, 0.63, 0.14, 0.10, 0.10, 0.467, 187, 0.67, NULL, 0, 3055, 3242, 0.94, 71.80, 5.50, 4829, 2123, 2706, 1418, 518, 151, 32, 4, 2105, 114, 154, 571, 64, 55, 416, 497, 0.84, 0.93, 0.736, 0.123, '2019-07-27 01:40:50', 31, 17, 3, 0, 0, 21),
(2795, 'd4v41', '13476/d4v41', 1.09, NULL, 0.81, 0.14, 0.10, 0.13, 0.404, 197, 0.64, NULL, 0, 4180, 3272, 1.28, 86.00, 3.50, 5133, 2692, 2441, 1595, 786, 240, 62, 9, 2532, 752, 194, 653, 37, 21, 520, 350, 1.49, 1.06, 0.733, 0.145, '2019-07-27 01:40:55', 40, 25, 4, 2, 0, 38),
(2796, 'Pro.', '12270/Pro.', 1.12, NULL, 0.66, 0.14, 0.11, 0.10, 0.492, 136, 0.68, NULL, 0, 2282, 2323, 0.98, 73.70, 4.40, 3439, 1579, 1860, 1043, 390, 126, 19, 1, 1435, 220, 153, 438, 36, 6, 304, 311, 0.98, 0.96, 0.727, 0.129, '2019-07-27 01:41:00', 21, 18, 3, 0, 0, 21),
(2797, 'Derek', '12279/Derek', 0.92, NULL, 0.66, 0.13, 0.09, 0.10, 0.473, 25, 0.73, NULL, 0, 389, 434, 0.90, 73.80, 1.80, 593, 275, 318, 183, 73, 17, 1, 1, 264, 16, 15, 91, 5, 1, 71, 64, 1.11, 1.09, 0.690, 0.171, '2019-07-27 01:41:05', 4, 1, 0, 0, 0, 4),
(2798, 'BORKUM', '13994/BORKUM', 1.06, NULL, 0.68, 0.14, 0.10, 0.10, 0.460, 141, 0.69, NULL, 0, 2433, 2446, 0.99, 76.60, 3.40, 3567, 1643, 1924, 1068, 400, 139, 32, 4, 1766, 23, 199, 420, 22, 9, 296, 341, 0.87, 0.92, 0.716, 0.121, '2019-07-27 01:41:09', 29, 11, 5, 1, 1, 10),
(2799, 'witz', '13995/witz', 1.21, NULL, 0.73, 0.11, 0.09, 0.11, 0.302, 143, 0.63, NULL, 0, 2648, 2297, 1.15, 75.50, 3.10, 3651, 1765, 1886, 1130, 432, 164, 33, 6, 846, 1252, 130, 401, 20, 5, 452, 386, 1.17, 1.11, 0.739, 0.180, '2019-07-27 01:41:14', 35, 12, 2, 2, 0, 22),
(2800, 'Papichulo', '15440/Papichulo', 1.25, NULL, 0.74, 0.14, 0.11, 0.12, 0.504, 135, 0.66, NULL, 0, 2544, 2290, 1.11, 80.20, 2.90, 3453, 1686, 1767, 1049, 454, 149, 30, 4, 1883, 7, 177, 457, 19, 6, 370, 425, 0.87, 1.00, 0.754, 0.158, '2019-07-27 01:41:19', 20, 15, 4, 0, 0, 9),
(2801, 'zeff', '4637/zeff', 1.04, 1.00, 0.69, 0.17, 0.13, 0.11, 0.420, 474, 0.68, NULL, 0, 8262, 8168, 1.01, 78.00, 4.90, 12026, 5592, 6434, 3586, 1438, 485, 70, 13, 5613, 498, 678, 1336, 126, 28, 1492, 1486, 1.00, 1.08, 0.770, 0.176, '2019-07-27 03:40:20', 72, 31, 5, 0, 0, 39),
(2802, 'XigN', '9172/XigN', 1.15, 1.17, 0.80, 0.13, 0.09, 0.11, 0.510, 542, 0.65, NULL, 0, 11105, 9033, 1.23, 84.30, 2.50, 13864, 7174, 6690, 4292, 2011, 710, 144, 17, 7926, 337, 802, 1939, 80, 34, 1679, 1435, 1.17, 1.10, 0.724, 0.162, '2019-07-27 03:40:26', 143, 62, 24, 5, 0, 64),
(2803, 'HSK', '9174/HSK', 1.07, 1.04, 0.70, 0.14, 0.12, 0.11, 0.309, 532, 0.64, NULL, 0, 9577, 8678, 1.10, 75.40, 4.50, 13648, 6578, 7070, 4278, 1699, 512, 81, 8, 3755, 3311, 460, 1892, 154, 32, 1470, 1037, 1.42, 1.08, 0.767, 0.156, '2019-07-27 03:40:33', 103, 53, 10, 1, 0, 77),
(2804, 'xeta', '11188/xeta', 1.23, NULL, 0.75, 0.14, 0.11, 0.13, 0.411, 300, 0.62, NULL, 0, 5617, 4706, 1.19, 81.10, 3.80, 7533, 3714, 3819, 2302, 1012, 319, 71, 10, 2851, 1448, 200, 1047, 67, 21, 903, 600, 1.50, 1.13, 0.749, 0.168, '2019-07-27 03:40:38', 79, 30, 7, 3, 1, 37),
(2805, 'stax', '12314/stax', 1.15, NULL, 0.70, 0.11, 0.11, 0.12, 0.494, 210, 0.64, NULL, 0, 3738, 3409, 1.10, 72.70, 2.50, 5322, 2556, 2766, 1639, 691, 189, 35, 2, 2484, 223, 271, 699, 22, 49, 460, 428, 1.07, 0.96, 0.728, 0.120, '2019-07-27 03:40:43', 43, 20, 5, 0, 0, 25),
(2806, 'ap0c', '2007/ap0c', 1.06, 1.02, 0.71, 0.15, 0.10, 0.09, 0.490, 478, 0.70, NULL, 0, 8747, 8533, 1.03, 77.50, 5.10, 12235, 5871, 6364, 3687, 1610, 468, 94, 12, 5812, 380, 708, 1614, 164, 18, 1267, 1343, 0.94, 1.00, 0.744, 0.148, '2019-07-27 03:40:48', 65, 34, 14, 1, 1, 69),
(2807, 'soju_j', '12590/soju_j', 0.89, NULL, 0.64, 0.14, 0.11, 0.10, 0.396, 297, 0.68, NULL, 0, 4828, 5200, 0.93, 71.70, 4.10, 7599, 3329, 4270, 2177, 858, 243, 49, 2, 3460, 18, 438, 845, 72, 17, 670, 806, 0.83, 0.93, 0.690, 0.122, '2019-07-27 03:40:53', 55, 17, 5, 0, 0, 40),
(2808, 'sterling', '12591/sterling', 1.14, NULL, 0.77, 0.09, 0.08, 0.10, 0.305, 351, 0.60, NULL, 0, 6936, 5387, 1.29, 76.50, 3.60, 9045, 4659, 4386, 2919, 1287, 379, 64, 10, 1977, 3402, 265, 1206, 74, 17, 935, 534, 1.75, 1.09, 0.751, 0.148, '2019-07-27 03:40:59', 98, 47, 8, 2, 0, 83),
(2809, 'J1rah', '12593/J1rah', 0.97, NULL, 0.69, 0.11, 0.09, 0.08, 0.454, 320, 0.68, NULL, 0, 5742, 5642, 1.02, 74.80, 3.30, 8271, 3868, 4403, 2451, 1024, 333, 56, 4, 3745, 675, 356, 881, 51, 41, 900, 977, 0.92, 1.01, 0.739, 0.160, '2019-07-27 03:41:05', 73, 18, 12, 2, 0, 33),
(2810, 'HaZR', '14294/HaZR', 1.09, NULL, 0.74, 0.14, 0.11, 0.11, 0.547, 274, 0.71, NULL, 0, 5232, 5033, 1.04, 81.10, 3.60, 7041, 3430, 3611, 2119, 914, 315, 70, 12, 3879, 59, 305, 932, 59, 8, 788, 801, 0.98, 1.04, 0.717, 0.163, '2019-07-27 03:41:10', 31, 17, 5, 0, 0, 26),
(2811, 'Sico', '9102/Sico', 1.22, 1.19, 0.79, 0.14, 0.09, 0.10, 0.355, 555, 0.59, NULL, 0, 11102, 8278, 1.34, 82.40, 7.10, 14041, 7397, 6644, 4604, 2022, 643, 115, 13, 3043, 4708, 667, 2340, 303, 62, 1729, 888, 1.95, 1.18, 0.811, 0.175, '2019-07-27 06:40:23', 135, 56, 11, 6, 0, 86),
(2812, 'dexter', '9115/dexter', 1.19, 1.12, 0.77, 0.15, 0.08, 0.10, 0.482, 557, 0.66, NULL, 0, 10889, 9279, 1.17, 83.90, 5.00, 14150, 7139, 7011, 4360, 1971, 659, 135, 14, 7521, 575, 706, 1867, 200, 39, 1740, 1362, 1.28, 1.12, 0.766, 0.165, '2019-07-27 06:40:29', 101, 61, 12, 4, 0, 67),
(2813, 'erkaSt', '11141/erkaSt', 1.20, NULL, 0.78, 0.15, 0.10, 0.10, 0.503, 620, 0.65, NULL, 0, 12310, 10371, 1.19, 83.60, 4.60, 15836, 8067, 7769, 4916, 2244, 736, 157, 14, 8670, 177, 1227, 2059, 155, 38, 1642, 1393, 1.18, 1.04, 0.756, 0.139, '2019-07-27 06:40:35', 125, 55, 15, 3, 0, 69),
(2814, 'malta', '11485/malta', 1.09, NULL, 0.71, 0.15, 0.09, 0.08, 0.389, 641, 0.64, NULL, 0, 11585, 10466, 1.11, 79.30, 2.90, 16305, 7780, 8525, 4893, 2115, 638, 122, 12, 8309, 263, 966, 1925, 115, 35, 1647, 1543, 1.07, 1.01, 0.760, 0.134, '2019-07-27 06:40:40', 103, 67, 11, 0, 0, 57),
(2815, 'DickStacy', '12876/DickStacy', 1.14, NULL, 0.68, 0.15, 0.11, 0.09, 0.494, 538, 0.65, NULL, 0, 9210, 8803, 1.05, 74.40, 4.30, 13552, 6237, 7315, 3968, 1683, 477, 100, 9, 6542, 42, 807, 1668, 134, 24, 1367, 1384, 0.99, 1.00, 0.764, 0.135, '2019-07-27 06:40:46', 88, 45, 14, 1, 0, 36),
(2816, 'Summer', '7028/Summer', 1.16, 1.11, 0.76, 0.14, 0.09, 0.10, 0.483, 801, 0.64, NULL, 0, 15425, 13153, 1.17, 82.20, 5.30, 20426, 10281, 10145, 6423, 2794, 869, 170, 25, 9313, 1881, 1185, 2800, 215, 57, 2197, 1728, 1.27, 1.06, 0.773, 0.149, '2019-07-27 06:40:53', 215, 102, 23, 4, 0, 87),
(2817, 'BnTeT', '7131/BnTeT', 1.18, 1.20, 0.80, 0.15, 0.10, 0.13, 0.388, 588, 0.61, NULL, 0, 12140, 9274, 1.31, 85.90, 4.60, 15127, 7863, 7264, 4752, 2165, 751, 170, 25, 8698, 505, 755, 2033, 166, 18, 1311, 985, 1.33, 0.99, 0.777, 0.123, '2019-07-27 06:41:00', 178, 85, 28, 12, 0, 89),
(2818, 'AttackeR', '8552/AttackeR', 1.10, 1.11, 0.77, 0.14, 0.11, 0.12, 0.460, 794, 0.67, NULL, 0, 15629, 13518, 1.16, 81.50, 1.90, 20204, 10429, 9775, 6505, 2840, 908, 160, 16, 11960, 199, 674, 2656, 90, 87, 1986, 1768, 1.12, 1.01, 0.761, 0.134, '2019-07-27 06:41:07', 182, 83, 26, 5, 0, 86),
(2819, 'somebody', '8605/somebody', 1.14, 1.07, 0.74, 0.14, 0.11, 0.10, 0.452, 834, 0.67, NULL, 0, 15793, 14322, 1.10, 80.50, 3.20, 21457, 10526, 10931, 6603, 2809, 907, 186, 21, 10039, 1106, 1594, 2832, 124, 127, 2507, 2421, 1.04, 1.06, 0.765, 0.159, '2019-07-27 06:41:14', 166, 91, 20, 4, 1, 103),
(2820, 'Freeman', '10774/Freeman', 1.11, NULL, 0.80, 0.13, 0.09, 0.12, 0.500, 532, 0.64, NULL, 0, 10759, 8622, 1.25, 83.40, 3.00, 13480, 6936, 6544, 4121, 1982, 676, 139, 18, 7569, 477, 544, 2054, 105, 30, 1304, 1117, 1.17, 1.01, 0.754, 0.134, '2019-07-27 06:41:20', 137, 76, 22, 2, 0, 60),
(2821, 'chopper', '7716/chopper', 1.02, 0.98, 0.68, 0.13, 0.10, 0.09, 0.560, 476, 0.69, NULL, 0, 8620, 8695, 0.99, 74.30, 3.90, 12685, 5864, 6821, 3753, 1566, 453, 85, 7, 6111, 82, 768, 1541, 113, 26, 1272, 1333, 0.95, 0.99, 0.688, 0.140, '2019-07-27 09:40:35', 88, 54, 8, 3, 1, 72),
(2822, 'S0tF1k', '9081/S0tF1k', 0.90, 0.94, 0.65, 0.14, 0.10, 0.09, 0.475, 962, 0.69, NULL, 0, 16340, 17370, 0.94, 73.20, 4.80, 25165, 11241, 13924, 7312, 2941, 825, 144, 19, 11033, 1066, 1367, 2527, 249, 129, 2421, 2649, 0.91, 0.97, 0.741, 0.139, '2019-07-27 09:40:43', 176, 75, 23, 1, 1, 115),
(2823, 'COLDYY1', '9083/COLDYY1', 1.11, 1.06, 0.72, 0.13, 0.09, 0.11, 0.552, 929, 0.65, NULL, 0, 17588, 15846, 1.11, 77.70, 3.90, 24433, 11863, 12570, 7493, 3224, 960, 164, 22, 12827, 553, 700, 3240, 232, 77, 2243, 1976, 1.14, 0.99, 0.729, 0.130, '2019-07-27 09:40:50', 219, 105, 22, 0, 0, 139),
(2824, 'somedieyoung', '12731/somedieyoung', 1.16, NULL, 0.73, 0.13, 0.10, 0.12, 0.514, 446, 0.64, NULL, 0, 8555, 7508, 1.14, 80.30, 4.00, 11657, 5668, 5989, 3527, 1513, 519, 100, 9, 5960, 233, 679, 1519, 78, 110, 1002, 993, 1.01, 0.95, 0.735, 0.123, '2019-07-27 09:40:56', 108, 56, 23, 0, 0, 50),
(2825, 'iDISBALANCE', '14273/iDISBALANCE', 1.05, NULL, 0.73, 0.11, 0.09, 0.09, 0.297, 211, 0.67, NULL, 0, 4081, 3773, 1.08, 76.50, 2.10, 5599, 2759, 2840, 1770, 715, 222, 45, 7, 1337, 1939, 87, 685, 22, 16, 798, 558, 1.43, 1.21, 0.738, 0.214, '2019-07-27 09:41:01', 44, 14, 5, 1, 0, 31),
(2826, 'kinqie', '3459/kinqie', 1.00, 0.97, 0.67, 0.14, 0.11, 0.10, 0.564, 305, 0.70, NULL, 0, 5450, 5677, 0.96, 77.10, 5.10, 8082, 3709, 4373, 2367, 1010, 271, 55, 6, 4063, 27, 366, 910, 73, 16, 843, 871, 0.97, 1.01, 0.735, 0.154, '2019-07-27 09:41:06', 62, 28, 4, 3, 0, 34),
(2827, 'svyat', '12016/svyat', 1.00, NULL, 0.63, 0.14, 0.10, 0.10, 0.503, 258, 0.67, NULL, 0, 4278, 4563, 0.94, 71.60, 3.80, 6823, 2984, 3839, 1989, 745, 206, 39, 5, 3122, 83, 299, 710, 61, 15, 619, 651, 0.95, 0.96, 0.691, 0.127, '2019-07-27 09:41:11', 43, 21, 5, 1, 0, 30),
(2828, 'Krad', '12027/Krad', 1.10, NULL, 0.72, 0.13, 0.10, 0.11, 0.487, 292, 0.67, NULL, 0, 5586, 5193, 1.08, 78.70, 4.40, 7759, 3695, 4064, 2278, 1036, 295, 79, 7, 3389, 630, 462, 1033, 72, 15, 833, 855, 0.97, 1.02, 0.714, 0.151, '2019-07-27 09:41:17', 62, 34, 6, 2, 1, 27),
(2829, 'speed4k', '13155/speed4k', 1.07, NULL, 0.67, 0.12, 0.09, 0.09, 0.441, 318, 0.66, NULL, 0, 5680, 5624, 1.01, 72.70, 3.00, 8488, 3846, 4642, 2471, 991, 319, 55, 10, 2552, 1752, 378, 939, 55, 16, 860, 773, 1.11, 1.02, 0.722, 0.147, '2019-07-27 09:41:23', 63, 32, 8, 3, 0, 41),
(2830, 'Forester', '13982/Forester', 1.02, NULL, 0.67, 0.12, 0.10, 0.10, 0.535, 305, 0.67, NULL, 0, 5385, 5403, 1.00, 73.30, 2.90, 8068, 3670, 4398, 2355, 979, 281, 46, 9, 3967, 44, 343, 977, 60, 14, 772, 804, 0.96, 0.98, 0.723, 0.138, '2019-07-27 09:41:27', 38, 20, 10, 0, 0, 26),
(2831, 'HooXi', '10096/HooXi', 0.95, 0.91, 0.61, 0.13, 0.09, 0.08, 0.509, 237, 0.68, NULL, 0, 3849, 4232, 0.91, 71.40, 5.40, 6259, 2697, 3562, 1813, 655, 193, 33, 3, 2496, 185, 406, 689, 63, 11, 500, 598, 0.84, 0.91, 0.678, 0.106, '2019-07-27 09:41:34', 32, 18, 3, 0, 0, 27),
(2832, 'Console', '10404/Console', 1.03, 0.95, 0.64, 0.15, 0.11, 0.09, 0.395, 703, 0.67, NULL, 0, 11881, 12453, 0.95, 74.00, 3.20, 18490, 8173, 10317, 5339, 2089, 627, 107, 11, 8364, 103, 1073, 2033, 167, 158, 1610, 1789, 0.90, 0.94, 0.727, 0.122, '2019-07-27 09:41:41', 123, 59, 14, 4, 1, 90),
(2833, 'Basso', '10443/Basso', 1.03, 1.03, 0.69, 0.11, 0.09, 0.11, 0.520, 352, 0.65, NULL, 0, 6253, 5878, 1.06, 72.30, 3.10, 9110, 4241, 4869, 2718, 1121, 327, 63, 12, 4420, 225, 389, 1136, 71, 20, 713, 687, 1.04, 0.93, 0.745, 0.114, '2019-07-27 09:41:47', 82, 42, 8, 1, 0, 41),
(2834, 'Farlig', '13300/Farlig', 1.15, NULL, 0.75, 0.09, 0.09, 0.10, 0.323, 176, 0.63, NULL, 0, 3456, 2930, 1.18, 75.00, 2.10, 4623, 2267, 2356, 1396, 608, 215, 41, 7, 903, 1886, 67, 582, 18, 5, 628, 389, 1.61, 1.21, 0.771, 0.201, '2019-07-27 09:41:53', 34, 17, 5, 0, 0, 22),
(2835, 'roeJ', '14419/roeJ', 1.24, NULL, 0.77, 0.14, 0.10, 0.11, 0.526, 217, 0.70, NULL, 0, 4386, 4001, 1.10, 85.60, 3.20, 5677, 2893, 2784, 1791, 787, 245, 64, 6, 3357, 22, 225, 732, 47, 14, 748, 647, 1.16, 1.14, 0.729, 0.191, '2019-07-27 09:41:57', 24, 13, 5, 1, 0, 24),
(2836, 'syrsoN', '7266/syrsoN', 1.20, 1.09, 0.74, 0.10, 0.09, 0.10, 0.321, 985, 0.65, NULL, 0, 19071, 16728, 1.14, 75.30, 2.10, 25874, 12716, 13158, 7908, 3493, 1100, 202, 13, 4664, 9823, 1172, 3212, 174, 60, 3431, 2666, 1.29, 1.16, 0.754, 0.195, '2019-07-27 09:42:05', 190, 123, 25, 4, 0, 130),
(2837, 'Spiidi', '7499/Spiidi', 1.03, 1.01, 0.67, 0.15, 0.09, 0.10, 0.403, 1211, 0.65, NULL, 0, 21415, 20586, 1.04, 74.80, 4.70, 31815, 14653, 17162, 9525, 3779, 1123, 207, 19, 15433, 633, 1187, 3757, 252, 183, 2314, 2447, 0.95, 0.90, 0.723, 0.102, '2019-07-27 09:42:15', 285, 139, 33, 5, 0, 193),
(2838, 'mirbit', '11701/mirbit', 1.03, NULL, 0.67, 0.13, 0.09, 0.09, 0.434, 452, 0.62, NULL, 0, 7959, 7363, 1.08, 73.40, 5.10, 11908, 5550, 6358, 3678, 1424, 369, 69, 10, 5621, 482, 510, 1257, 95, 12, 955, 832, 1.15, 0.95, 0.705, 0.106, '2019-07-27 09:42:22', 103, 52, 12, 2, 1, 78),
(2839, 'k1to', '12781/k1to', 1.10, NULL, 0.71, 0.13, 0.11, 0.10, 0.583, 517, 0.70, NULL, 0, 9626, 9496, 1.01, 78.00, 4.00, 13575, 6429, 7146, 4068, 1675, 548, 126, 12, 6846, 387, 454, 1771, 110, 72, 1571, 1588, 0.99, 1.05, 0.742, 0.166, '2019-07-27 09:42:27', 97, 32, 8, 0, 0, 70),
(2840, 'faveN', '14932/faveN', 1.09, NULL, 0.75, 0.13, 0.11, 0.12, 0.547, 531, 0.67, NULL, 0, 10473, 9371, 1.12, 79.70, 2.50, 14024, 6899, 7125, 4250, 1883, 626, 121, 19, 7530, 515, 629, 1698, 79, 42, 1567, 1413, 1.11, 1.06, 0.715, 0.151, '2019-07-27 09:42:33', 93, 46, 15, 2, 1, 59),
(2841, 'draken', '9255/draken', 1.11, 1.08, 0.72, 0.10, 0.08, 0.08, 0.307, 914, 0.64, NULL, 0, 17372, 15232, 1.14, 74.60, 2.10, 23986, 11695, 12291, 7419, 3089, 986, 188, 13, 2960, 9931, 964, 3364, 126, 58, 3245, 2487, 1.30, 1.17, 0.748, 0.194, '2019-07-27 12:10:39', 195, 105, 24, 3, 1, 133),
(2842, 'disco%20doplan', '9256/disco%20doplan', 1.07, 1.04, 0.71, 0.13, 0.09, 0.10, 0.437, 898, 0.66, NULL, 0, 16858, 15567, 1.08, 77.50, 3.00, 23739, 11398, 12341, 7228, 3097, 878, 173, 22, 10536, 2322, 622, 3170, 189, 46, 2243, 2160, 1.04, 0.99, 0.737, 0.135, '2019-07-27 12:10:47', 194, 100, 17, 7, 0, 123),
(2843, 'freddieb', '9257/freddieb', 1.08, 1.00, 0.69, 0.14, 0.09, 0.09, 0.527, 967, 0.68, NULL, 0, 17640, 17410, 1.01, 77.40, 4.00, 25497, 12041, 13456, 7719, 3265, 862, 171, 24, 12913, 460, 998, 3050, 173, 85, 2653, 2615, 1.01, 1.02, 0.731, 0.146, '2019-07-27 12:10:53', 178, 87, 17, 3, 1, 135),
(2844, 'RuStY', '10784/RuStY', 0.99, NULL, 0.65, 0.14, 0.11, 0.10, 0.521, 609, 0.69, NULL, 0, 10644, 11223, 0.95, 72.50, 3.50, 16296, 7294, 9002, 4705, 1948, 535, 92, 14, 7475, 251, 783, 1960, 160, 37, 1515, 1749, 0.87, 0.95, 0.704, 0.128, '2019-07-27 12:10:59', 103, 49, 7, 2, 0, 61),
(2845, 'grux', '15096/grux', 1.01, NULL, 0.70, 0.11, 0.11, 0.12, 0.692, 214, 0.67, NULL, 0, 3940, 3794, 1.04, 73.40, 2.20, 5666, 2693, 2973, 1729, 716, 214, 33, 1, 2977, 48, 174, 716, 24, 14, 510, 535, 0.95, 0.96, 0.747, 0.130, '2019-07-27 12:11:04', 36, 14, 1, 0, 0, 32),
(2846, 'stfN', '8800/stfN', 0.98, 1.02, 0.70, 0.14, 0.10, 0.12, 0.474, 959, 0.67, NULL, 0, 17653, 16868, 1.05, 76.10, 3.20, 25285, 11952, 13333, 7617, 3186, 944, 194, 11, 12638, 829, 751, 3210, 187, 64, 2511, 2239, 1.12, 1.02, 0.718, 0.141, '2019-07-27 12:11:13', 218, 104, 23, 5, 0, 152),
(2847, 'DuDe', '10980/DuDe', 0.73, NULL, 0.52, 0.13, 0.10, 0.07, 0.531, 259, 0.70, NULL, 0, 3575, 4801, 0.74, 63.00, 6.20, 6854, 2584, 4270, 1793, 618, 147, 25, 1, 2487, 110, 275, 605, 85, 13, 521, 785, 0.66, 0.86, 0.749, 0.118, '2019-07-27 12:11:19', 47, 18, 0, 0, 1, 30),
(2848, 'mantuu', '10981/mantuu', 1.12, NULL, 0.78, 0.13, 0.10, 0.14, 0.412, 250, 0.67, NULL, 0, 5195, 4454, 1.17, 82.80, 3.80, 6619, 3349, 3270, 2011, 937, 306, 83, 12, 2932, 1091, 229, 878, 61, 15, 834, 702, 1.19, 1.12, 0.721, 0.188, '2019-07-27 12:11:23', 49, 26, 12, 1, 1, 35),
(2849, 'kressy', '12782/kressy', 1.02, NULL, 0.70, 0.13, 0.10, 0.11, 0.481, 540, 0.66, NULL, 0, 9981, 9388, 1.06, 76.60, 3.20, 14278, 6750, 7528, 4299, 1794, 542, 107, 8, 7331, 114, 746, 1677, 100, 26, 1202, 1057, 1.14, 0.96, 0.730, 0.121, '2019-07-27 12:11:30', 101, 55, 12, 1, 0, 80),
(2850, 'slaxz-', '15370/slaxz-', 1.02, NULL, 0.70, 0.09, 0.08, 0.09, 0.288, 175, 0.67, NULL, 0, 3247, 3093, 1.05, 72.40, 2.40, 4640, 2156, 2484, 1345, 588, 173, 43, 7, 623, 1999, 67, 540, 18, 2, 627, 480, 1.31, 1.17, 0.671, 0.191, '2019-07-27 12:11:35', 29, 13, 7, 0, 0, 24),
(2851, 'facecrack', '8726/facecrack', 1.05, 1.01, 0.71, 0.15, 0.11, 0.10, 0.478, 988, 0.71, NULL, 0, 18528, 18505, 1.00, 79.90, 3.30, 25955, 12299, 13656, 7629, 3367, 1074, 210, 19, 12844, 131, 1854, 3321, 186, 221, 2938, 3216, 0.91, 1.03, 0.738, 0.162, '2019-07-27 13:10:33', 136, 66, 13, 1, 1, 77),
(2852, 'almazer', '11654/almazer', 1.14, NULL, 0.72, 0.14, 0.10, 0.10, 0.514, 497, 0.66, NULL, 0, 9405, 8643, 1.09, 78.90, 4.00, 13053, 6277, 6776, 3929, 1697, 534, 105, 12, 6112, 863, 457, 1801, 119, 74, 1250, 1250, 1.00, 0.99, 0.742, 0.135, '2019-07-27 13:10:39', 104, 53, 12, 0, 3, 62),
(2853, 'FL1T', '12732/FL1T', 1.08, NULL, 0.69, 0.13, 0.11, 0.12, 0.458, 343, 0.65, NULL, 0, 6190, 5824, 1.06, 74.50, 3.10, 8955, 4245, 4710, 2755, 1107, 316, 62, 5, 4504, 159, 427, 1004, 89, 20, 635, 668, 0.95, 0.90, 0.742, 0.099, '2019-07-27 13:10:44', 79, 31, 8, 1, 0, 42),
(2854, 'xsepower', '12733/xsepower', 1.16, NULL, 0.73, 0.09, 0.07, 0.08, 0.261, 417, 0.59, NULL, 0, 7929, 6442, 1.23, 73.60, 2.20, 10932, 5371, 5561, 3399, 1460, 443, 64, 5, 749, 5270, 428, 1434, 57, 14, 1679, 983, 1.71, 1.28, 0.770, 0.219, '2019-07-27 13:10:51', 112, 46, 14, 1, 0, 88),
(2855, 'Jerry', '13157/Jerry', 1.05, NULL, 0.71, 0.14, 0.10, 0.10, 0.458, 575, 0.68, NULL, 0, 10686, 10299, 1.04, 78.40, 3.40, 15121, 7279, 7842, 4686, 1921, 548, 106, 18, 7626, 242, 852, 1871, 85, 25, 1608, 1497, 1.07, 1.03, 0.734, 0.148, '2019-07-27 13:10:56', 88, 36, 6, 3, 0, 74),
(2856, 't0rick', '9382/t0rick', 0.93, 0.94, 0.65, 0.13, 0.09, 0.08, 0.453, 279, 0.69, NULL, 0, 4789, 5073, 0.94, 73.10, 2.90, 7322, 3334, 3988, 2216, 828, 245, 43, 2, 3651, 73, 297, 742, 28, 10, 681, 816, 0.83, 0.95, 0.705, 0.134, '2019-07-27 13:11:02', 45, 26, 6, 5, 0, 38),
(2857, 'Ramz1k', '11842/Ramz1k', 1.12, NULL, 0.75, 0.10, 0.07, 0.09, 0.348, 321, 0.69, NULL, 0, 6339, 5770, 1.10, 77.90, 1.60, 8402, 4200, 4202, 2590, 1164, 368, 73, 5, 2168, 2657, 219, 1245, 44, 10, 1192, 975, 1.22, 1.18, 0.745, 0.211, '2019-07-27 13:11:07', 56, 42, 5, 1, 0, 41),
(2858, 'neaLaN', '11940/neaLaN', 1.03, NULL, 0.68, 0.14, 0.10, 0.09, 0.554, 283, 0.72, NULL, 0, 5066, 5436, 0.93, 76.50, 3.30, 7498, 3504, 3994, 2300, 902, 250, 48, 4, 3622, 102, 347, 939, 34, 26, 838, 922, 0.91, 1.02, 0.706, 0.157, '2019-07-27 13:11:12', 29, 18, 3, 0, 0, 39),
(2859, 'Keoz', '15117/Keoz', 0.98, NULL, 0.67, 0.11, 0.11, 0.10, 0.477, 77, 0.69, NULL, 0, 1349, 1394, 0.97, 72.80, 3.90, 2012, 916, 1096, 601, 223, 68, 22, 2, 767, 273, 62, 225, 19, 4, 222, 221, 1.00, 1.04, 0.667, 0.153, '2019-07-27 13:11:16', 15, 7, 1, 1, 0, 7),
(2860, 'Perfecto', '16947/Perfecto', 1.10, NULL, 0.67, 0.12, 0.09, 0.10, 0.466, 143, 0.62, NULL, 0, 2524, 2331, 1.08, 75.20, 4.00, 3743, 1750, 1993, 1147, 460, 117, 24, 2, 1782, 103, 182, 420, 33, 7, 253, 202, 1.25, 0.91, 0.715, 0.095, '2019-07-27 13:11:20', 29, 21, 6, 1, 0, 18),
(2861, 'mawth', '10838/mawth', 1.08, NULL, 0.73, 0.10, 0.09, 0.10, 0.348, 109, 0.70, NULL, 0, 2091, 2002, 1.04, 76.70, 2.90, 2861, 1370, 1491, 823, 400, 121, 25, 1, 915, 687, 90, 383, 9, 14, 332, 281, 1.18, 1.08, 0.696, 0.175, '2019-07-27 13:40:14', 28, 9, 6, 0, 0, 12),
(2862, 'trk8', '13284/trk8', 1.02, NULL, 0.61, 0.12, 0.08, 0.09, 0.453, 81, 0.72, NULL, 0, 1294, 1524, 0.85, 67.80, 3.30, 2120, 913, 1207, 610, 236, 57, 9, 1, 783, 192, 51, 247, 14, 10, 198, 294, 0.67, 0.90, 0.722, 0.147, '2019-07-27 13:40:18', 15, 5, 2, 1, 0, 14),
(2863, 'Will1', '13285/Will1', 0.92, NULL, 0.62, 0.11, 0.08, 0.10, 0.473, 81, 0.71, NULL, 0, 1321, 1501, 0.88, 68.60, 3.20, 2120, 933, 1187, 635, 221, 65, 11, 1, 1020, 4, 56, 222, 17, 5, 154, 163, 0.94, 0.90, 0.662, 0.105, '2019-07-27 13:40:23', 18, 5, 1, 0, 0, 9),
(2864, 'bnc', '13287/bnc', 1.04, NULL, 0.66, 0.13, 0.10, 0.09, 0.449, 81, 0.71, NULL, 0, 1393, 1499, 0.93, 75.00, 5.00, 2120, 953, 1167, 621, 242, 74, 14, 2, 1058, 18, 29, 265, 21, 7, 183, 224, 0.82, 0.92, 0.710, 0.134, '2019-07-27 13:40:27', 13, 5, 2, 0, 0, 8),
(2865, 'skullz', '18676/skullz', 1.11, NULL, 0.69, 0.14, 0.13, 0.13, 0.493, 52, 0.68, NULL, 0, 956, 950, 1.01, 75.70, 3.80, 1392, 656, 736, 434, 161, 45, 15, 1, 738, 5, 36, 164, 13, 3, 131, 150, 0.87, 0.96, 0.756, 0.146, '2019-07-27 13:40:32', 13, 2, 0, 0, 0, 2),
(2866, 'WOOD7', '14390/WOOD7', 1.00, NULL, 0.62, 0.13, 0.08, 0.08, 0.372, 136, 0.69, NULL, 0, 2173, 2429, 0.89, 71.00, 5.80, 3517, 1554, 1963, 1048, 402, 98, 3, 3, 1385, 28, 362, 362, 35, 5, 253, 331, 0.76, 0.87, 0.688, 0.107, '2019-07-27 13:40:37', 40, 14, 0, 0, 0, 22),
(2867, 'kaiG', '14445/kaiG', 1.04, NULL, 0.70, 0.14, 0.10, 0.11, 0.333, 215, 0.68, NULL, 0, 3900, 3782, 1.03, 76.00, 4.00, 5595, 2650, 2945, 1721, 660, 221, 44, 4, 2320, 573, 214, 764, 30, 4, 470, 438, 1.07, 0.96, 0.730, 0.124, '2019-07-27 13:40:42', 44, 29, 7, 0, 0, 35),
(2868, 'LeoGOD', '15919/LeoGOD', 1.09, NULL, 0.68, 0.16, 0.10, 0.09, 0.363, 191, 0.69, NULL, 0, 3411, 3438, 0.99, 78.00, 4.60, 4996, 2323, 2673, 1486, 626, 173, 36, 2, 2496, 75, 173, 622, 43, 15, 513, 513, 1.00, 1.01, 0.723, 0.155, '2019-07-27 13:40:48', 41, 24, 6, 0, 0, 27),
(2869, 'pesadelo', '17553/pesadelo', 1.08, NULL, 0.72, 0.14, 0.09, 0.11, 0.421, 88, 0.73, NULL, 0, 1687, 1717, 0.98, 78.00, 5.00, 2343, 1116, 1227, 701, 289, 101, 20, 5, 1214, 38, 96, 316, 20, 3, 244, 248, 0.98, 1.01, 0.680, 0.149, '2019-07-27 13:40:52', 11, 4, 6, 0, 0, 9),
(2870, 'nython', '18743/nython', 1.11, NULL, 0.75, 0.10, 0.10, 0.10, 0.386, 54, 0.67, NULL, 0, 1109, 994, 1.12, 75.60, 2.00, 1474, 736, 738, 440, 231, 54, 10, 1, 412, 443, 46, 199, 4, 6, 185, 168, 1.10, 1.10, 0.730, 0.183, '2019-07-27 13:40:57', 6, 7, 5, 0, 0, 10),
(2871, 'interz', '15071/interz', 1.03, NULL, 0.65, 0.10, 0.11, 0.13, 0.506, 74, 0.64, NULL, 0, 1250, 1229, 1.02, 67.00, 2.60, 1921, 867, 1054, 573, 222, 57, 13, 2, 835, 100, 71, 232, 12, 2, 134, 152, 0.88, 0.88, 0.754, 0.108, '2019-07-27 15:40:29', 9, 10, 3, 1, 0, 7),
(2872, 'supra', '16415/supra', 1.10, NULL, 0.65, 0.15, 0.12, 0.10, 0.511, 44, 0.71, NULL, 0, 714, 784, 0.91, 73.00, 4.70, 1105, 482, 623, 317, 116, 31, 18, 0, 487, 18, 63, 130, 11, 7, 112, 117, 0.96, 1.00, 0.723, 0.150, '2019-07-27 15:40:33', 5, 2, 0, 0, 0, 2),
(2873, 'Ax1Le', '16555/Ax1Le', 1.01, NULL, 0.71, 0.11, 0.10, 0.11, 0.450, 154, 0.67, NULL, 0, 2836, 2662, 1.07, 76.00, 2.80, 3980, 1908, 2072, 1212, 502, 161, 28, 5, 1832, 269, 177, 527, 32, 6, 382, 347, 1.10, 1.00, 0.733, 0.143, '2019-07-27 15:40:37', 40, 10, 4, 0, 0, 18),
(2874, 'sh1ro', '16920/sh1ro', 1.20, NULL, 0.77, 0.11, 0.09, 0.13, 0.273, 91, 0.61, NULL, 0, 1802, 1434, 1.26, 79.80, 2.90, 2333, 1202, 1131, 736, 357, 84, 25, 0, 440, 958, 70, 326, 13, 2, 262, 168, 1.56, 1.11, 0.802, 0.178, '2019-07-27 15:40:42', 28, 25, 2, 1, 0, 21),
(2875, 'nafany', '16921/nafany', 0.93, NULL, 0.69, 0.13, 0.11, 0.10, 0.514, 88, 0.74, NULL, 0, 1550, 1678, 0.92, 76.60, 3.20, 2261, 1039, 1222, 662, 265, 91, 20, 1, 1119, 77, 65, 273, 10, 7, 277, 352, 0.79, 1.02, 0.715, 0.175, '2019-07-27 15:40:46', 11, 2, 2, 0, 0, 5),
(2876, 'Edward', '483/Edward', 0.97, 1.01, 0.69, 0.13, 0.10, 0.09, 0.508, 1383, 0.67, NULL, 0, 25123, 24289, 1.03, 72.10, 2.90, 36335, 17141, 19194, 10979, 4662, 1258, 227, 15, 18526, 585, 1485, 4128, 221, 199, 3525, 3655, 0.96, 0.98, 0.751, 0.138, '2019-07-27 15:40:54', 223, 111, 27, 7, 1, 177),
(2877, 'bondik', '2131/bondik', 1.02, 1.03, 0.70, 0.14, 0.10, 0.11, 0.475, 1114, 0.66, NULL, 0, 20299, 19005, 1.07, 75.30, 5.10, 28985, 13842, 15143, 8933, 3606, 1097, 186, 20, 15515, 125, 937, 3371, 310, 58, 2377, 2201, 1.08, 0.95, 0.748, 0.121, '2019-07-27 15:41:02', 254, 122, 29, 5, 0, 148),
(2878, 'Kvik', '8459/Kvik', 0.96, 0.97, 0.68, 0.14, 0.10, 0.10, 0.424, 691, 0.71, NULL, 0, 12224, 12696, 0.96, 76.00, 3.90, 17996, 8363, 9633, 5387, 2238, 604, 121, 13, 7797, 1198, 670, 2389, 127, 70, 1644, 1710, 0.96, 0.97, 0.738, 0.136, '2019-07-27 15:41:08', 101, 36, 8, 1, 1, 61),
(2879, 'El1an', '13281/El1an', 1.05, NULL, 0.75, 0.10, 0.08, 0.09, 0.284, 424, 0.66, NULL, 0, 8425, 7406, 1.14, 76.90, 1.60, 11213, 5599, 5614, 3488, 1498, 515, 94, 4, 1578, 4985, 182, 1583, 51, 58, 1496, 1091, 1.37, 1.17, 0.705, 0.193, '2019-07-27 15:41:13', 108, 50, 13, 2, 0, 80),
(2880, 'n0rb3r7', '16612/n0rb3r7', 1.00, NULL, 0.71, 0.12, 0.08, 0.08, 0.468, 275, 0.71, NULL, 0, 5169, 5177, 1.00, 77.80, 2.70, 7259, 3392, 3867, 2087, 904, 336, 59, 6, 3461, 451, 262, 934, 39, 27, 831, 866, 0.96, 1.04, 0.674, 0.159, '2019-07-27 15:41:18', 46, 27, 10, 2, 1, 26),
(2901, 'aizy', '8095/aizy', 1.08, 1.03, 0.70, 0.14, 0.10, 0.10, 0.511, 1260, 0.67, NULL, 0, 23123, 22010, 1.05, 75.60, 4.00, 32984, 15387, 17597, 9559, 4242, 1316, 241, 29, 16905, 583, 1155, 4084, 274, 143, 3307, 3259, 1.01, 1.00, 0.739, 0.142, '2019-07-29 09:53:02', 229, 139, 39, 11, 1, 149),
(2902, 'Kjaerbye', '8394/Kjaerbye', 1.13, 1.06, 0.72, 0.15, 0.10, 0.11, 0.528, 1277, 0.66, NULL, 0, 23969, 21867, 1.10, 79.40, 3.80, 33298, 16108, 17190, 10131, 4410, 1300, 247, 20, 18493, 133, 718, 4223, 305, 127, 3277, 3354, 0.98, 0.99, 0.739, 0.138, '2019-07-29 09:53:10', 225, 113, 29, 7, 0, 150),
(2903, 'JUGi', '8783/JUGi', 1.05, 1.11, 0.73, 0.11, 0.08, 0.10, 0.276, 823, 0.61, NULL, 0, 15593, 12925, 1.21, 75.50, 2.30, 21300, 10511, 10789, 6666, 2817, 835, 177, 16, 3545, 7895, 565, 3394, 155, 64, 2646, 1657, 1.60, 1.16, 0.749, 0.179, '2019-07-29 09:53:18', 191, 103, 18, 3, 0, 156),
(2904, 'gade', '8875/gade', 0.97, 1.00, 0.67, 0.13, 0.10, 0.10, 0.539, 591, 0.67, NULL, 0, 10314, 10235, 1.01, 73.80, 2.90, 15315, 6879, 8436, 4305, 1852, 594, 118, 10, 7812, 56, 562, 1675, 103, 113, 1513, 1696, 0.89, 0.98, 0.740, 0.141, '2019-07-29 09:53:23', 90, 44, 13, 2, 0, 63),
(2905, 'valde', '9031/valde', 1.07, 1.10, 0.75, 0.14, 0.10, 0.11, 0.454, 815, 0.66, NULL, 0, 16218, 14164, 1.15, 81.90, 4.40, 21517, 10752, 10765, 6664, 2949, 929, 181, 29, 12486, 99, 819, 2604, 211, 27, 2045, 1634, 1.25, 1.02, 0.760, 0.138, '2019-07-29 09:53:29', 100, 74, 22, 3, 1, 86),
(2906, 'zeff', '4637/zeff', 1.02, 1.00, 0.69, 0.17, 0.13, 0.11, 0.421, 478, 0.68, NULL, 0, 8314, 8246, 1.01, 77.90, 4.90, 12120, 5630, 6490, 3612, 1448, 487, 70, 13, 5648, 498, 682, 1346, 129, 28, 1499, 1504, 1.00, 1.08, 0.771, 0.175, '2019-07-29 09:53:35', 72, 31, 5, 0, 0, 40),
(2907, 'XigN', '9172/XigN', 1.14, 1.17, 0.80, 0.13, 0.09, 0.11, 0.511, 546, 0.65, NULL, 0, 11168, 9094, 1.23, 84.20, 2.50, 13958, 7215, 6743, 4315, 2025, 714, 144, 17, 7979, 337, 802, 1949, 80, 34, 1681, 1450, 1.16, 1.10, 0.725, 0.161, '2019-07-29 09:53:41', 144, 62, 24, 5, 0, 65),
(2908, 'HSK', '9174/HSK', 1.04, 1.04, 0.70, 0.14, 0.12, 0.12, 0.310, 536, 0.64, NULL, 0, 9621, 8749, 1.10, 75.30, 4.50, 13742, 6614, 7128, 4307, 1705, 513, 81, 8, 3794, 3311, 460, 1897, 154, 32, 1473, 1049, 1.40, 1.08, 0.767, 0.155, '2019-07-29 09:53:47', 104, 53, 10, 1, 0, 78),
(2909, 'xeta', '11188/xeta', 1.23, NULL, 0.75, 0.14, 0.11, 0.13, 0.411, 304, 0.63, NULL, 0, 5694, 4769, 1.19, 81.10, 3.80, 7627, 3762, 3865, 2328, 1027, 326, 71, 10, 2871, 1478, 206, 1065, 69, 22, 913, 604, 1.51, 1.13, 0.747, 0.168, '2019-07-29 09:53:52', 79, 31, 8, 3, 1, 39),
(2910, 'stax', '12314/stax', 1.13, NULL, 0.70, 0.11, 0.11, 0.12, 0.495, 214, 0.64, NULL, 0, 3802, 3475, 1.09, 72.70, 2.50, 5416, 2601, 2815, 1667, 706, 191, 35, 2, 2528, 228, 277, 709, 22, 49, 472, 438, 1.08, 0.97, 0.729, 0.121, '2019-07-29 09:53:56', 43, 20, 5, 0, 0, 25),
(2911, 'kNgV-', '5736/kNgV-', 1.15, 1.16, 0.79, 0.10, 0.09, 0.09, 0.302, 467, 0.64, NULL, 0, 9448, 7625, 1.24, 80.90, 1.90, 11926, 6213, 5713, 3797, 1740, 544, 121, 11, 2175, 5100, 588, 1489, 77, 32, 1661, 1117, 1.49, 1.21, 0.761, 0.196, '2019-07-29 12:10:34', 87, 49, 10, 4, 0, 70),
(2912, 'xand', '9218/xand', 1.07, 1.07, 0.74, 0.14, 0.11, 0.11, 0.491, 370, 0.68, NULL, 0, 6992, 6377, 1.10, 81.40, 4.50, 9423, 4656, 4767, 2923, 1243, 388, 91, 11, 4802, 77, 786, 1210, 85, 41, 939, 853, 1.10, 1.01, 0.758, 0.145, '2019-07-29 12:10:37', 41, 28, 6, 0, 0, 29),
(2913, 'destiny', '9483/destiny', 1.02, 1.03, 0.72, 0.15, 0.11, 0.09, 0.490, 648, 0.70, NULL, 0, 12020, 11617, 1.03, 79.90, 3.10, 16594, 8012, 8582, 4995, 2175, 699, 137, 6, 9188, 87, 582, 2038, 96, 47, 2177, 2152, 1.01, 1.11, 0.722, 0.183, '2019-07-29 12:10:41', 83, 44, 15, 0, 0, 61),
(2914, 'yeL', '10560/yeL', 0.97, 1.02, 0.69, 0.11, 0.09, 0.09, 0.301, 621, 0.65, NULL, 0, 10979, 10425, 1.05, 72.70, 2.40, 15999, 7520, 8479, 4859, 1987, 562, 100, 12, 3309, 4800, 724, 2027, 102, 40, 1970, 1655, 1.19, 1.11, 0.713, 0.178, '2019-07-29 12:10:46', 123, 55, 15, 0, 0, 101),
(2915, 'chelo', '10566/chelo', 1.00, 1.04, 0.70, 0.13, 0.10, 0.11, 0.637, 490, 0.66, NULL, 0, 8840, 8367, 1.06, 76.70, 2.70, 12582, 5894, 6688, 3693, 1574, 519, 98, 10, 6656, 46, 461, 1575, 80, 42, 1267, 1231, 1.03, 1.01, 0.753, 0.147, '2019-07-29 12:10:49', 85, 38, 7, 4, 0, 56),
(2916, 'zeff', '4637/zeff', 1.00, 1.00, 0.68, 0.17, 0.13, 0.11, 0.421, 480, 0.68, NULL, 0, 8335, 8282, 1.01, 77.80, 4.90, 12172, 5647, 6525, 3627, 1449, 487, 71, 13, 5666, 498, 684, 1347, 129, 28, 1501, 1513, 0.99, 1.08, 0.770, 0.175, '2019-07-29 12:10:51', 73, 31, 5, 0, 0, 40);
INSERT INTO `players` (`PMID`, `player_name`, `player_id`, `rating2`, `rating1`, `ks_per_rnd`, `assists_per_rnd`, `saved_by_teammate_per_rnd`, `saves_per_rnd`, `headshots`, `maps_played`, `deaths_per_rnd`, `age`, `country`, `total_ks`, `total_deaths`, `k_death_ratio`, `damage_per_rnd`, `grenade_per_rnd`, `rnds_played`, `rnds_with_ks`, `_0_k_rnds`, `_1_k_rnds`, `_2_k_rnds`, `_3_k_rnds`, `_4_k_rnds`, `_5_k_rnds`, `rifle_ks`, `sniper_ks`, `smg_ks`, `pistol_ks`, `grenade_ks`, `other_ks`, `opening_ks`, `opening_deaths`, `opening_k_ratio`, `opening_k_rating`, `team_win_percent_after_first_k`, `first_k_in_won_rounds`, `date_collected`, `clutch_1v1_w`, `clutch_1v2_w`, `clutch_1v3_w`, `clutch_1v4_w`, `clutch_1v5_w`, `clutch_1v1_l`) VALUES
(2917, 'XigN', '9172/XigN', 1.14, 1.17, 0.80, 0.13, 0.09, 0.11, 0.512, 548, 0.65, NULL, 0, 11207, 9135, 1.23, 84.20, 2.50, 14010, 7243, 6767, 4335, 2031, 715, 145, 17, 8014, 337, 802, 1953, 80, 34, 1685, 1456, 1.16, 1.09, 0.725, 0.161, '2019-07-29 12:10:55', 144, 62, 24, 5, 0, 65),
(2918, 'HSK', '9174/HSK', 1.03, 1.04, 0.70, 0.14, 0.12, 0.12, 0.311, 538, 0.64, NULL, 0, 9646, 8788, 1.10, 75.30, 4.50, 13794, 6635, 7159, 4325, 1707, 514, 81, 8, 3811, 3312, 460, 1904, 154, 32, 1475, 1052, 1.40, 1.07, 0.767, 0.155, '2019-07-29 12:10:59', 104, 53, 10, 1, 0, 78),
(2919, 'xeta', '11188/xeta', 1.22, NULL, 0.75, 0.14, 0.11, 0.13, 0.410, 306, 0.63, NULL, 0, 5728, 4805, 1.19, 81.00, 3.90, 7679, 3789, 3890, 2349, 1032, 327, 71, 10, 2880, 1493, 208, 1070, 72, 22, 922, 611, 1.51, 1.13, 0.747, 0.169, '2019-07-29 12:11:02', 79, 31, 8, 3, 1, 39),
(2920, 'stax', '12314/stax', 1.12, NULL, 0.70, 0.11, 0.11, 0.12, 0.495, 216, 0.64, NULL, 0, 3829, 3513, 1.09, 72.60, 2.50, 5468, 2622, 2846, 1683, 710, 192, 35, 2, 2552, 228, 277, 712, 22, 49, 478, 442, 1.08, 0.97, 0.726, 0.121, '2019-07-29 12:11:05', 43, 20, 5, 0, 0, 25),
(3015, 'Noktse', '2161/Noktse', 1.12, NULL, 0.68, 0.12, 0.09, 0.09, 0.357, 450, 0.64, NULL, 0, 7846, 7358, 1.07, 73.60, 4.10, 11540, 5381, 6159, 3482, 1428, 381, 85, 5, 2332, 3679, 423, 1337, 81, 10, 1444, 1178, 1.23, 1.12, 0.758, 0.176, '2019-07-30 16:00:18', 124, 37, 9, 4, 0, 57),
(3016, 'reversive', '9221/reversive', 1.03, 1.02, 0.69, 0.14, 0.11, 0.10, 0.432, 325, 0.66, NULL, 0, 5782, 5509, 1.05, 76.40, 4.50, 8382, 3921, 4461, 2517, 1027, 302, 70, 5, 3874, 332, 438, 1058, 81, 12, 812, 739, 1.10, 1.00, 0.732, 0.136, '2019-07-30 16:00:21', 66, 31, 6, 0, 0, 41),
(3017, 'max', '12092/max', 0.99, NULL, 0.67, 0.14, 0.11, 0.11, 0.472, 196, 0.68, NULL, 0, 3438, 3474, 0.99, 75.80, 2.80, 5103, 2358, 2745, 1529, 621, 170, 33, 5, 2535, 30, 229, 625, 21, 11, 493, 498, 0.99, 0.99, 0.710, 0.137, '2019-07-30 16:00:25', 37, 15, 1, 0, 0, 31),
(3018, '1962', '12094/1962', 1.05, NULL, 0.73, 0.14, 0.12, 0.11, 0.532, 334, 0.69, NULL, 0, 6257, 5980, 1.05, 77.70, 3.90, 8610, 4109, 4501, 2534, 1105, 375, 87, 8, 4681, 39, 315, 1147, 73, 13, 1014, 990, 1.02, 1.06, 0.742, 0.163, '2019-07-30 16:00:28', 54, 27, 5, 2, 0, 31),
(3019, 'meyern', '14737/meyern', 1.17, NULL, 0.77, 0.12, 0.10, 0.14, 0.510, 180, 0.67, NULL, 0, 3561, 3070, 1.16, 80.90, 3.20, 4596, 2311, 2285, 1419, 611, 213, 59, 9, 2299, 459, 133, 652, 18, 6, 515, 441, 1.17, 1.07, 0.773, 0.166, '2019-07-30 16:00:31', 45, 14, 3, 1, 0, 15),
(3020, 'cryo', '12125/cryo', 0.93, NULL, 0.60, 0.13, 0.10, 0.10, 0.388, 113, 0.69, NULL, 0, 1780, 2043, 0.87, 68.80, 2.10, 2944, 1249, 1695, 824, 338, 70, 15, 2, 1317, 49, 136, 263, 11, 8, 223, 249, 0.90, 0.90, 0.682, 0.109, '2019-07-30 16:00:33', 21, 8, 2, 2, 0, 11),
(3021, 'Mk', '14395/Mk', 0.95, NULL, 0.57, 0.14, 0.09, 0.07, 0.490, 45, 0.73, NULL, 0, 665, 856, 0.78, 68.40, 2.60, 1175, 470, 705, 311, 130, 23, 5, 1, 473, 20, 54, 111, 5, 6, 94, 121, 0.78, 0.90, 0.617, 0.106, '2019-07-30 16:00:36', 5, 5, 0, 0, 0, 4),
(3022, 'vhz', '14781/vhz', 1.05, NULL, 0.69, 0.08, 0.10, 0.10, 0.322, 117, 0.69, NULL, 0, 2092, 2101, 1.00, 70.80, 2.30, 3028, 1435, 1593, 932, 378, 100, 21, 4, 357, 1239, 97, 388, 13, 3, 385, 279, 1.38, 1.15, 0.696, 0.195, '2019-07-30 16:00:39', 24, 12, 2, 1, 0, 18),
(3023, 'abr', '17028/abr', 1.07, NULL, 0.73, 0.11, 0.09, 0.12, 0.515, 72, 0.67, NULL, 0, 1383, 1263, 1.10, 77.20, 2.30, 1884, 944, 940, 615, 241, 69, 16, 3, 973, 113, 37, 253, 7, 4, 170, 151, 1.13, 0.98, 0.718, 0.136, '2019-07-30 16:00:42', 16, 9, 2, 0, 0, 7),
(3024, 'rood', '17680/rood', 1.07, NULL, 0.70, 0.15, 0.11, 0.09, 0.430, 58, 0.71, NULL, 0, 1031, 1044, 0.99, 78.90, 5.50, 1478, 687, 791, 431, 185, 56, 13, 2, 759, 40, 53, 159, 14, 8, 141, 181, 0.78, 0.94, 0.660, 0.133, '2019-07-30 16:00:45', 7, 7, 0, 0, 0, 3),
(3179, 'raafa', '11748/raafa', 1.06, NULL, 0.69, 0.11, 0.07, 0.08, 0.275, 432, 0.63, NULL, 0, 7841, 7109, 1.10, 72.50, 3.70, 11311, 5333, 5978, 3435, 1389, 414, 89, 6, 2049, 3766, 510, 1417, 105, 14, 1316, 1108, 1.19, 1.09, 0.758, 0.170, '2019-07-30 17:41:51', 104, 39, 9, 2, 1, 57),
(3180, 'ryotzz', '13989/ryotzz', 1.04, NULL, 0.69, 0.19, 0.10, 0.09, 0.372, 383, 0.70, NULL, 0, 6859, 6962, 0.99, 80.90, 6.00, 9988, 4637, 5351, 2977, 1186, 391, 78, 5, 4741, 192, 606, 1201, 115, 23, 1052, 1186, 0.89, 1.00, 0.774, 0.158, '2019-07-30 17:41:54', 50, 19, 3, 0, 0, 28),
(3181, 'pancc', '16314/pancc', 1.14, NULL, 0.74, 0.14, 0.09, 0.10, 0.540, 316, 0.68, NULL, 0, 6116, 5611, 1.09, 81.20, 4.80, 8242, 4010, 4232, 2484, 1052, 382, 78, 14, 4457, 62, 495, 986, 106, 22, 931, 902, 1.03, 1.05, 0.741, 0.162, '2019-07-30 17:41:57', 42, 37, 7, 1, 0, 26),
(3182, 'real', '16769/real', 1.10, NULL, 0.70, 0.13, 0.11, 0.10, 0.496, 240, 0.65, NULL, 0, 4424, 4099, 1.08, 76.50, 5.60, 6321, 2984, 3337, 1939, 714, 273, 52, 6, 3073, 61, 361, 822, 78, 37, 657, 636, 1.03, 1.02, 0.697, 0.140, '2019-07-30 17:42:00', 48, 22, 9, 1, 0, 41),
(3183, 'skullz', '18676/skullz', 1.11, NULL, 0.69, 0.14, 0.13, 0.13, 0.493, 52, 0.68, NULL, 0, 956, 950, 1.01, 75.70, 3.80, 1392, 656, 736, 434, 161, 45, 15, 1, 738, 5, 36, 164, 13, 3, 131, 150, 0.87, 0.96, 0.756, 0.146, '2019-07-30 17:42:02', 13, 2, 0, 0, 0, 2),
(3184, 'zqkS', '7383/zqkS', 1.11, 1.01, 0.66, 0.12, 0.10, 0.09, 0.295, 548, 0.63, NULL, 0, 9344, 8822, 1.06, 70.60, 3.60, 14065, 6480, 7585, 4249, 1704, 439, 79, 9, 2181, 4944, 445, 1622, 122, 54, 1728, 1309, 1.32, 1.13, 0.751, 0.182, '2019-07-30 17:42:07', 137, 43, 14, 1, 0, 83),
(3185, 'SHOOWTiME', '9220/SHOOWTiME', 1.02, 0.98, 0.68, 0.13, 0.11, 0.10, 0.460, 760, 0.68, NULL, 0, 13232, 13370, 0.99, 74.70, 3.90, 19551, 9040, 10511, 5831, 2368, 709, 123, 9, 8944, 1138, 726, 2229, 168, 50, 2040, 1898, 1.07, 1.03, 0.727, 0.147, '2019-07-30 17:42:12', 123, 62, 19, 3, 0, 82),
(3186, 'dzt', '10570/dzt', 1.09, 1.02, 0.70, 0.14, 0.10, 0.09, 0.465, 473, 0.68, NULL, 0, 8512, 8246, 1.03, 77.10, 3.60, 12152, 5760, 6392, 3671, 1540, 441, 102, 6, 5739, 609, 642, 1394, 76, 74, 1502, 1448, 1.04, 1.09, 0.753, 0.175, '2019-07-30 17:42:15', 62, 40, 9, 3, 0, 55),
(3187, 'RMN', '10790/RMN', 1.07, NULL, 0.72, 0.14, 0.10, 0.11, 0.428, 262, 0.69, NULL, 0, 4858, 4705, 1.03, 76.80, 6.20, 6781, 3248, 3533, 2024, 898, 273, 46, 7, 3131, 399, 338, 864, 97, 38, 679, 615, 1.10, 1.02, 0.766, 0.152, '2019-07-30 17:42:19', 41, 18, 6, 0, 1, 35),
(3188, 'shz', '11739/shz', 1.20, NULL, 0.74, 0.13, 0.10, 0.12, 0.508, 496, 0.65, NULL, 0, 9459, 8378, 1.13, 78.90, 3.10, 12832, 6302, 6530, 3954, 1685, 530, 120, 13, 7026, 73, 596, 1652, 102, 30, 1061, 917, 1.16, 0.96, 0.741, 0.118, '2019-07-30 17:42:23', 87, 44, 8, 1, 0, 59);

--
-- Indexes for dumped tables
--

--
-- Indexes for table `groups`
--
ALTER TABLE `groups`
  ADD PRIMARY KEY (`GPMID`);

--
-- Indexes for table `matches`
--
ALTER TABLE `matches`
  ADD PRIMARY KEY (`MTID`);

--
-- Indexes for table `matches_complete`
--
ALTER TABLE `matches_complete`
  ADD PRIMARY KEY (`MTID`);

--
-- Indexes for table `players`
--
ALTER TABLE `players`
  ADD PRIMARY KEY (`PMID`);

--
-- AUTO_INCREMENT for dumped tables
--

--
-- AUTO_INCREMENT for table `groups`
--
ALTER TABLE `groups`
  MODIFY `GPMID` int(11) NOT NULL AUTO_INCREMENT, AUTO_INCREMENT=614;
--
-- AUTO_INCREMENT for table `matches`
--
ALTER TABLE `matches`
  MODIFY `MTID` int(11) NOT NULL AUTO_INCREMENT, AUTO_INCREMENT=1007;
--
-- AUTO_INCREMENT for table `players`
--
ALTER TABLE `players`
  MODIFY `PMID` int(11) NOT NULL AUTO_INCREMENT, AUTO_INCREMENT=3189;
/*!40101 SET CHARACTER_SET_CLIENT=@OLD_CHARACTER_SET_CLIENT */;
/*!40101 SET CHARACTER_SET_RESULTS=@OLD_CHARACTER_SET_RESULTS */;
/*!40101 SET COLLATION_CONNECTION=@OLD_COLLATION_CONNECTION */;
